Категория;Артикул фабрики;Название фабрики;Страна происхождения;Серия;Наименование;Цена;Остатки;Стиль;Кол_во_ламп_1;Макс_мощность_1;Тип_цоколя_1;Напряжение_1;Кол_во_ламп_2;Макс_мощность_2;Тип_цоколя_2;Напряжение_2;Кол_во_ламп_3;Макс_мощность_3;Тип_цоколя_3;Напряжение_3;Кол_во_лампочек_цоколей_вычисляемое;Общая_мощность_вычисляемая;МАКС_мощность_1_ой_лампочки_собираемая;Тип_цоколя_собираемый;Напряжение_собираемое;Наличие_лампочек_в_комплекте;Степень_пыле_влагозащиты_IP;Класс_защиты_от_эл_тока;Вес_кг;Объем (м3);Длина (см);Ширина (см);Диаметр (см);Выступ (см);Высота (см);МАКС высота (см);МИН высота (см);Глубина врезного отверстия;Размер врезного отверстия;Диаметр абажура (см);Дополнительные функции;Цвет каркаса;Цвет плафона (абажура);Материал каркаса;Материал плафона/абажура;Тип хрусталя;Хрусталь;Кованый;Флористика;Детский;Светодиодный;Точечный;Подсветка предметов;На солнечных батареях;Примечание;Поставщик;Внутренний код;Сортировка
Бра настенные ;AD531-22opB;BERLINER MESSINGLAMPEN;ГЕРМАНИЯ;AD531;Бра BERLINER MESSINGLAMPEN AD531-22opB;9205;2;Классика;1;40;E27;220; ; ; ; ; ; ; ; ;1;40;40 Вт;E27;220;;;;1,8;0,028;;;;;;;;;;;;Berliner Messing;Opal glass;;;;;;;;;;;;;SvetBerry;ad531-22opb;30
Бра настенные ;A10-11opB;BERLINER MESSINGLAMPEN;ГЕРМАНИЯ;A10;Бра BERLINER MESSINGLAMPEN A10-11opB;6050;6;Классика;1;40;E27; ; ; ; ; ; ; ; ; ;1;40;40 Вт;E27;;;;;1,2;0,015;;;;20;;;;;;;;;;;;;;;;;;;;;;SvetBerry;a10-11opb;30
Бра настенные ;A15-123opB;BERLINER MESSINGLAMPEN;ГЕРМАНИЯ;A15;Бра BERLINER MESSINGLAMPEN A15-123opB;8520;3;Классика;1;40;E27; ; ; ; ; ; ; ; ; ;1;40;40 Вт;E27;;;;;2,1;0,026;;;;30;;;;;;;;;;;;;;;;;;;;;;SvetBerry;a15-123opb;30
Бра настенные ;A20-11opB;BERLINER MESSINGLAMPEN;ГЕРМАНИЯ;A20;Бра BERLINER MESSINGLAMPEN A20-11opB;9145;17;Классика;2;40;E27; ; ; ; ; ; ; ; ; ;2;80;40 Вт;E27;;;;;1,5;0,026;;;;18;;;;;;;;;;;;;;;;;;;;;;SvetBerry;a20-11opb;30
Бра настенные ;A30-32gsA;BERLINER MESSINGLAMPEN;ГЕРМАНИЯ;A30;Бра BERLINER MESSINGLAMPEN A30-32gsA;6990;1;Классика;1;40;E27; ; ; ; ; ; ; ; ; ;1;40;40 Вт;E27;;;;;1,2;0,014;;;;17;;;;;;;;;;;;;;;;;;;;;;SvetBerry;a30-32gsa;30
Бра настенные ;A31-38opB;BERLINER MESSINGLAMPEN;ГЕРМАНИЯ;A31;Бра BERLINER MESSINGLAMPEN A31-38opB;12706;0;Классика;1;60;E27; ; ; ; ; ; ; ; ; ;1;60;60 Вт;E27;;;;;3;0,064;;;;48;;;;;;;;;;;;;;;;;;;;;;SvetBerry;a31-38opb;30
Бра настенные ;A31-70opA;BERLINER MESSINGLAMPEN;ГЕРМАНИЯ;A31;Бра BERLINER MESSINGLAMPEN A31-70opA;12525;1;Классика;1;60;E27; ; ; ; ; ; ; ; ; ;1;60;60 Вт;E27;;;;;3,3;0,064;;;;48;;;;;;;;;;;;;;;;;;;;;;SvetBerry;a31-70opa;30
Бра настенные ;A34-115maA;BERLINER MESSINGLAMPEN;ГЕРМАНИЯ;A34;Бра BERLINER MESSINGLAMPEN A34-115maA;6991;0;Классика;1;40;E27; ; ; ; ; ; ; ; ; ;1;40;40 Вт;E27;;;;;1,2;0,014;;;;22;;;;;;;;;;;;;;;;;;;;;;SvetBerry;a34-115maa;30
Бра настенные ;A34-115opB;BERLINER MESSINGLAMPEN;ГЕРМАНИЯ;A34;Бра BERLINER MESSINGLAMPEN A34-115opB;5610;7;Классика;1;40;E27; ; ; ; ; ; ; ; ; ;1;40;40 Вт;E27;;;;;1,2;0,014;;;;22;;;;;;;;;;;;;;;;;;;;;;SvetBerry;a34-115opb;30
Бра настенные ;A34-115opN;BERLINER MESSINGLAMPEN;ГЕРМАНИЯ;A34;Бра BERLINER MESSINGLAMPEN A34-115opN;6881;0;Классика;1;40;E27; ; ; ; ; ; ; ; ; ;1;40;40 Вт;E27;;;;;1,3;0,014;;;;22;;;;;;;;;;;;;;;;;;;;;;SvetBerry;a34-115opn;30
Бра настенные ;A43-73opC;BERLINER MESSINGLAMPEN;ГЕРМАНИЯ;A43;Бра BERLINER MESSINGLAMPEN A43-73opC;6705;9;Современный;1;40;G9; ; ; ; ; ; ; ; ; ;1;40;40 Вт;G9;;;;;1;0,015;;;;14;;;;;;;;;;;;;;;;;;;;;;SvetBerry;a43-73opc;30
Бра настенные ;A56-123opB;BERLINER MESSINGLAMPEN;ГЕРМАНИЯ;A56;Бра BERLINER MESSINGLAMPEN A56-123opB;14650;17;Классика;2;40;E27; ; ; ; ; ; ; ; ; ;2;80;40 Вт;E27;;;;;2,7;0,025;;;;25;;;;;;;;;;;;;;;;;;;;;;SvetBerry;a56-123opb;30
Бра настенные ;A59-41opB;BERLINER MESSINGLAMPEN;ГЕРМАНИЯ;A59;Бра BERLINER MESSINGLAMPEN A59-41opB;7880;7;Классика;1;40;E27; ; ; ; ; ; ; ; ; ;1;40;40 Вт;E27;;;;;1,7;0,014;;;;28;;;;;;;;;;;;;;;;;;;;;;SvetBerry;a59-41opb;30
Бра настенные ;A64-22opB;BERLINER MESSINGLAMPEN;ГЕРМАНИЯ;A64;Бра BERLINER MESSINGLAMPEN A64-22opB;9570;19;Классика;1;40;E27; ; ; ; ; ; ; ; ; ;1;40;40 Вт;E27;;;;;1,6;0,014;;;;49;;;;;;;;;;;;;;;;;;;;;;SvetBerry;a64-22opb;30
Бра настенные ;A64-25opN;BERLINER MESSINGLAMPEN;ГЕРМАНИЯ;A64;Бра BERLINER MESSINGLAMPEN A64-25opN;10985;1;Классика;1;40;E27; ; ; ; ; ; ; ; ; ;1;40;40 Вт;E27;;;;;1,9;0,025;;;;51;;;;;;;;;;;;;;;;;;;;;;SvetBerry;a64-25opn;30
Бра настенные ;A7-11maA;BERLINER MESSINGLAMPEN;ГЕРМАНИЯ;A7;Бра BERLINER MESSINGLAMPEN A7-11maA;6806;0;Классика;1;40;E27; ; ; ; ; ; ; ; ; ;1;40;40 Вт;E27;;;;;1;0,015;;;;23;;;;;;;;;;;;;;;;;;;;;;SvetBerry;a7-11maa;30
Бра настенные ;A7-17opN;BERLINER MESSINGLAMPEN;ГЕРМАНИЯ;A7;Бра BERLINER MESSINGLAMPEN A7-17opN;5120;2;Классика;1;40;E27; ; ; ; ; ; ; ; ; ;1;40;40 Вт;E27;;;;;1;0,015;;;;25;;;;;;;;;;;;;;;;;;;;;;SvetBerry;a7-17opn;30
Бра настенные ;A76-115opB;BERLINER MESSINGLAMPEN;ГЕРМАНИЯ;A76;Бра BERLINER MESSINGLAMPEN A76-115opB;6635;5;Классика;1;40;E27; ; ; ; ; ; ; ; ; ;1;40;40 Вт;E27;;;;;1,3;0,014;;;;24;;;;;;;;;;;;;;;;;;;;;;SvetBerry;a76-115opb;30
Бра настенные ;A76-121opN;BERLINER MESSINGLAMPEN;ГЕРМАНИЯ;A76;Бра BERLINER MESSINGLAMPEN A76-121opN;9316;0;Классика;1;40;E27; ; ; ; ; ; ; ; ; ;1;40;40 Вт;E27;;;;;1,2;0,014;;;;25;;;;;;;;;;;;;;;;;;;;;;SvetBerry;a76-121opn;30
Бра настенные ;A8-01opP;BERLINER MESSINGLAMPEN;ГЕРМАНИЯ;A8;Бра BERLINER MESSINGLAMPEN A8-01opP;4955;4;Классика;1;40;E27; ; ; ; ; ; ; ; ; ;1;40;40 Вт;E27;;;;;0,9;0,015;;;;22;;;;;;;;;;;;;;;;;;;;;;SvetBerry;a8-01opp;30
Бра настенные ;A8-09aeA;BERLINER MESSINGLAMPEN;ГЕРМАНИЯ;A8;Бра BERLINER MESSINGLAMPEN A8-09aeA;4805;1;Классика;1;40;E27; ; ; ; ; ; ; ; ; ;1;40;40 Вт;E27;;;;;0,9;0,015;;;;24;;;;;;;;;;;;;;;;;;;;;;SvetBerry;a8-09aea;30
Бра настенные ;A8-17grB;BERLINER MESSINGLAMPEN;ГЕРМАНИЯ;A8;Бра BERLINER MESSINGLAMPEN A8-17grB;5855;17;Классика;1;40;E27; ; ; ; ; ; ; ; ; ;1;40;40 Вт;E27;;;;;1,1;0,015;;;;25;;;;;;;;;;;;;;;;;;;;;;SvetBerry;a8-17grb;30
Бра настенные ;A8-17opC;BERLINER MESSINGLAMPEN;ГЕРМАНИЯ;A8;Бра BERLINER MESSINGLAMPEN A8-17opC;5749;0;Классика;1;40;E27; ; ; ; ; ; ; ; ; ;1;40;40 Вт;E27;;;;;1;0,015;;;;25;;;;;;;;;;;;;;;;;;;;;;SvetBerry;a8-17opc;30
Бра настенные ;A82-22opB;BERLINER MESSINGLAMPEN;ГЕРМАНИЯ;A82;Бра BERLINER MESSINGLAMPEN A82-22opB;8085;2;Классика;1;40;E27; ; ; ; ; ; ; ; ; ;1;40;40 Вт;E27;;;;;2;0,014;;;;31;;;;;;;;;;;;;;;;;;;;;;SvetBerry;a82-22opb;30
Бра настенные ;A84-123opB;BERLINER MESSINGLAMPEN;ГЕРМАНИЯ;A84;Бра BERLINER MESSINGLAMPEN A84-123opB;8350;1;Классика;1;40;E27; ; ; ; ; ; ; ; ; ;1;40;40 Вт;E27;;;;;1,9;0,014;;;;27;;;;;;;;;;;;;;;;;;;;;;SvetBerry;a84-123opb;30
Бра настенные ;A85-01opA;BERLINER MESSINGLAMPEN;ГЕРМАНИЯ;A85;Бра BERLINER MESSINGLAMPEN A85-01opA;5255;5;Классика;1;40;E27; ; ; ; ; ; ; ; ; ;1;40;40 Вт;E27;;;;;1,1;0,015;;;;15;;;;;;;;;;;;;;;;;;;;;;SvetBerry;a85-01opa;30
Бра настенные ;A89-25opB;BERLINER MESSINGLAMPEN;ГЕРМАНИЯ;A89;Бра BERLINER MESSINGLAMPEN A89-25opB;16205;37;Современный;1;40;E27; ; ; ; ; ; ; ; ; ;1;40;40 Вт;E27;;;;;4;0,025;;;;от 50 до 69;;;;;;;;;;;;;;;;;;;;;;SvetBerry;a89-25opb;30
Бра настенные ;A9-01opB;BERLINER MESSINGLAMPEN;ГЕРМАНИЯ;A9;Бра BERLINER MESSINGLAMPEN A9-01opB;5335;1;Классика;1;40;E27; ; ; ; ; ; ; ; ; ;1;40;40 Вт;E27;;;;;1,2;0,015;;;;19;;;;;;;;;;;;;;;;;;;;;;SvetBerry;a9-01opb;30
Бра настенные ;A91-143opB;BERLINER MESSINGLAMPEN;ГЕРМАНИЯ;A91;Бра BERLINER MESSINGLAMPEN A91-143opB;5900;15;Классика;1;40;E27; ; ; ; ; ; ; ; ; ;1;40;40 Вт;E27;;;;;1,2;0,014;;;;14;;;;;;;;;;;;;;;;;;;;;;SvetBerry;a91-143opb;30
Бра настенные ;A91-143opN;BERLINER MESSINGLAMPEN;ГЕРМАНИЯ;A91;Бра BERLINER MESSINGLAMPEN A91-143opN;6440;1;Классика;1;40;E27; ; ; ; ; ; ; ; ; ;1;40;40 Вт;E27;;;;;1,2;0,014;;;;14;;;;;;;;;;;;;;;;;;;;;;SvetBerry;a91-143opn;30
Бра настенные ;A95-175opB;BERLINER MESSINGLAMPEN;ГЕРМАНИЯ;A95;Бра BERLINER MESSINGLAMPEN A95-175opB;11420;8;Современный;1;75;E27; ; ; ; ; ; ; ; ; ;1;75;75 Вт;E27;;;;;2,4;0,056;;;;;62;;;;;;;Бронза;;;;;;;;;;;;;;SvetBerry;a95-175opb;30
Бра настенные ;AD141-113gsB;BERLINER MESSINGLAMPEN;ГЕРМАНИЯ;AD141;Бра BERLINER MESSINGLAMPEN AD141-113gsB;9302;0;Классика;1;40;E27; ; ; ; ; ; ; ; ; ;1;40;40 Вт;E27;;;;;1,9;0,014;;;;30;;;;;;;;Бронза;;;;;;;;;;;;;;SvetBerry;ad141-113gsb;30
Бра настенные ;AD142-113gsB;BERLINER MESSINGLAMPEN;ГЕРМАНИЯ;AD142;Бра BERLINER MESSINGLAMPEN AD142-113gsB;16090;4;Классика;2;40;E27; ; ; ; ; ; ; ; ; ;2;80;40 Вт;E27;;;;;3,8;0,025;;;;25;;;;;;;;Бронза;;;;;;;;;;;;;;SvetBerry;ad142-113gsb;30
Бра настенные ;AD151-123opB;BERLINER MESSINGLAMPEN;ГЕРМАНИЯ;AD151;Бра BERLINER MESSINGLAMPEN AD151-123opB;8140;3;Классика;1;40;E27; ; ; ; ; ; ; ; ; ;1;40;40 Вт;E27;;;;;1,8;0,014;;;;27;;;;;;;;Бронза;;;;;;;;;;;;;;SvetBerry;ad151-123opb;30
Бра настенные ;AD152-123opB;BERLINER MESSINGLAMPEN;ГЕРМАНИЯ;AD152;Бра BERLINER MESSINGLAMPEN AD152-123opB;16559;0;Классика;2;40;E27; ; ; ; ; ; ; ; ; ;2;80;40 Вт;E27;;;;;3;0,025;;;;23;;;;;;;;Бронза;;;;;;;;;;;;;;SvetBerry;ad152-123opb;30
Бра настенные ;AD287-123ebB;BERLINER MESSINGLAMPEN;ГЕРМАНИЯ;AD287;Бра BERLINER MESSINGLAMPEN AD287-123ebB;17985;1;Современный;1;40;E27; ; ; ; ; ; ; ; ; ;1;40;40 Вт;E27;;;;;2,5;0,118;;;;37;86;;;;;;;Бронза;;;;;;;;;;;;;;SvetBerry;ad287-123ebb;30
Бра настенные ;AD288-123opB;BERLINER MESSINGLAMPEN;ГЕРМАНИЯ;AD288;Бра BERLINER MESSINGLAMPEN AD288-123opB;33395;4;Современный;2;40;E27; ; ; ; ; ; ; ; ; ;2;80;40 Вт;E27;;;;;5,5;0,076;;44;;33;86;;;;;;;Бронза;;;;;;;;;;;;;;SvetBerry;ad288-123opb;30
Бра настенные ;AD532-22opB;BERLINER MESSINGLAMPEN;ГЕРМАНИЯ;AD532;Бра BERLINER MESSINGLAMPEN AD532-22opB;14020;2;Классика;2;60;E27; ; ; ; ; ; ; ; ; ;2;120;60 Вт;E27;;;;;2,6;0,025;;;;32;;;;;;;;Бронза;;;;;;;;;;;;;;SvetBerry;ad532-22opb;30
Бра настенные ;A25-01opB;BERLINER MESSINGLAMPEN;ГЕРМАНИЯ;A25;Бра BERLINER MESSINGLAMPEN A25-01opB;6795;7;Классика;1;40;E27;220; ; ; ; ; ; ; ; ;1;40;40 Вт;E27;220;;;;;;;;;;;;;;;;;;;;;;;;;;;;;;;SvetBerry;a25-01opb;30
Бра настенные ;A30-01opA;BERLINER MESSINGLAMPEN;ГЕРМАНИЯ;A30;Бра BERLINER MESSINGLAMPEN A30-01opA;5740;4;Классика;1;40;E27;220; ; ; ; ; ; ; ; ;1;40;40 Вт;E27;220;;;;;;;;;;;;;;;;;;;;;;;;;;;;;;;SvetBerry;a30-01opa;30
Бра настенные ;A30-01opB;BERLINER MESSINGLAMPEN;ГЕРМАНИЯ;A30;Бра BERLINER MESSINGLAMPEN A30-01opB;5740;7;Классика;1;40;E27;220; ; ; ; ; ; ; ; ;1;40;40 Вт;E27;220;;;;;;;;;;;;;;;;;;;;;;;;;;;;;;;SvetBerry;a30-01opb;30
Бра настенные ;A34-115maB;BERLINER MESSINGLAMPEN;ГЕРМАНИЯ;A34;Бра BERLINER MESSINGLAMPEN A34-115maB;6325;4;Классика;1;40;E27; ; ; ; ; ; ; ; ; ;1;40;40 Вт;E27;;;;;;;;;;22;;;;;;;;;;;;;;;;;;;;;;SvetBerry;a34-115mab;30
Бра настенные ;A56-123blB;BERLINER MESSINGLAMPEN;ГЕРМАНИЯ;A56;Бра BERLINER MESSINGLAMPEN A56-123blB;16410;3;Классика;2;40;E27; ; ; ; ; ; ; ; ; ;2;80;40 Вт;E27;;;;;;;;;;25;;;;;;;;;;;;;;;;;;;;;;SvetBerry;a56-123blb;30
Бра настенные ;A59-41opA;BERLINER MESSINGLAMPEN;ГЕРМАНИЯ;A59;Бра BERLINER MESSINGLAMPEN A59-41opA;7880;12;Классика;1;40;E27; ; ; ; ; ; ; ; ; ;1;40;40 Вт;E27;;;;;;;;;;28;;;;;;;;;;;;;;;;;;;;;;SvetBerry;a59-41opa;30
Бра настенные ;A61-123opA;BERLINER MESSINGLAMPEN;ГЕРМАНИЯ;A61;Бра BERLINER MESSINGLAMPEN A61-123opA;8050;2;Классика;1;40;E27; ; ; ; ; ; ; ; ; ;1;40;40 Вт;E27;;;;;;;;;;25;;;;;;;;;;;;;;;;;;;;;;SvetBerry;a61-123opa;30
Бра настенные ;A61-123opB;BERLINER MESSINGLAMPEN;ГЕРМАНИЯ;A61;Бра BERLINER MESSINGLAMPEN A61-123opB;8050;14;Классика;1;40;E27;220; ; ; ; ; ; ; ; ;1;40;40 Вт;E27;220;;;;;;;;;;;;;;;;;;;;;;;;;;;;;;;SvetBerry;a61-123opb;30
Бра настенные ;A64-65ae+P4B;BERLINER MESSINGLAMPEN;ГЕРМАНИЯ;A64;Бра BERLINER MESSINGLAMPEN A64-65ae+P4B;13448;0;Современный;1;40;E27;220; ; ; ; ; ; ; ; ;1;40;40 Вт;E27;220;;;;;;;;;;;;;;;;;;;;;;;;;;;;;;;SvetBerry;a64-65ae+p4b;30
Бра настенные ;A75-22opB;BERLINER MESSINGLAMPEN;ГЕРМАНИЯ;A75;Бра BERLINER MESSINGLAMPEN A75-22opB;7925;0;Классика;1;40;E27; ; ; ; ; ; ; ; ; ;1;40;40 Вт;E27;;;;;;;;;;33;;;;;;;;;;;;;;;;;;;;;;SvetBerry;a75-22opb;30
Бра настенные ;A85-01opB;BERLINER MESSINGLAMPEN;ГЕРМАНИЯ;A85;Бра BERLINER MESSINGLAMPEN A85-01opB;5255;7;Классика;1;40;E27; ; ; ; ; ; ; ; ; ;1;40;40 Вт;E27;;;;;;;;;;15;;;;;;;;;;;;;;;;;;;;;;SvetBerry;a85-01opb;30
Бра настенные ;A8-17opB;BERLINER MESSINGLAMPEN;ГЕРМАНИЯ;A8;Бра BERLINER MESSINGLAMPEN A8-17opB;4935;28;Классика;1;40;E27;220; ; ; ; ; ; ; ; ;1;40;40 Вт;E27;220;;;;;;;;;25;;;;;;;;Berliner Messing;Opal glass;;;;;;;;;;;;;SvetBerry;a8-17opb;30
Бра настенные ;A7-23opB;BERLINER MESSINGLAMPEN;ГЕРМАНИЯ;A7;Бра BERLINER MESSINGLAMPEN A7-23opB;4910;1;Классика;1;40;E27; ; ; ; ; ; ; ; ; ;1;40;40 Вт;E27;;;;;;;;;;21;;;;;;;;;;;;;;;;;;;;;;SvetBerry;a7-23opb;30
Бра настенные ;A8-22maA;BERLINER MESSINGLAMPEN;ГЕРМАНИЯ;A8;Бра BERLINER MESSINGLAMPEN A8-22maA;7502;0;Классика;1;40;E27;220; ; ; ; ; ; ; ; ;1;40;40 Вт;E27;220;;;;;;;;;;;;;;;;;;;;;;;;;;;;;;;SvetBerry;a8-22maa;30
Бра настенные ;A9-42gsB;BERLINER MESSINGLAMPEN;ГЕРМАНИЯ;A9;Бра BERLINER MESSINGLAMPEN A9-42gsB;7877;0;Классика;1;40;E27; ; ; ; ; ; ; ; ; ;1;40;40 Вт;E27;;;;;;;;;;18;;;;;;;;;;;;;;;;;;;;;;SvetBerry;a9-42gsb;30
Бра настенные ;A13-17grB;BERLINER MESSINGLAMPEN;ГЕРМАНИЯ;A13;Бра BERLINER MESSINGLAMPEN A13-17grB;8050;6;Классика;1;40;E27;220; ; ; ; ; ; ; ; ;1;40;40 Вт;E27;220;;;;;;;;;;;;;;;;;;;;;;;;;;;;;;;SvetBerry;a13-17grb;30
Бра настенные ;A8-22opB;BERLINER MESSINGLAMPEN;ГЕРМАНИЯ;A8;Бра BERLINER MESSINGLAMPEN A8-22opB;5555;30;Классика;1;40;E27; ; ; ; ; ; ; ; ; ;1;40;40 Вт;E27;;;;;1,1;0,014;;;;27;;;;;;;;;;;;;;;;;;;;;;SvetBerry;a8-22opb;30
Бра настенные ;A34-123opB;BERLINER MESSINGLAMPEN;ГЕРМАНИЯ;A34;Бра BERLINER MESSINGLAMPEN A34-123opB;6210;14;Классика;1;40;E27; ; ; ; ; ; ; ; ; ;1;40;40 Вт;E27;;;;;;0,014;;;;21;;;;;;;;;;;;;;;;;;;;;;SvetBerry;a34-123opb;30
Бра настенные ;A70-22opB;BERLINER MESSINGLAMPEN;ГЕРМАНИЯ;A70;Бра BERLINER MESSINGLAMPEN A70-22opB;10865;5;Классика;1;40;E27;220; ; ; ; ; ; ; ; ;1;40;40 Вт;E27;220;;;;2,2;0,029;;;;31;;;;;;;;Berliner Messing;Opal glass;;;;;;;;;;;;;SvetBerry;a70-22opb;30
Бра настенные ;A96-123opB;BERLINER MESSINGLAMPEN;ГЕРМАНИЯ;A96;Бра BERLINER MESSINGLAMPEN A96-123opB;10295;1;Классика;1;40;E27;220; ; ; ; ; ; ; ; ;1;40;40 Вт;E27;220;;;;;;;;;;61;;;;;;;Berliner Messing;Opal glass;;;;;;;;;;;;;SvetBerry;a96-123opb;30
Светильники>>Подвесные;PS60-22opB;BERLINER MESSINGLAMPEN;ГЕРМАНИЯ;PS60;Подвесной светильник BERLINER MESSINGLAMPEN PS60-22opB;5360;7;Классика;1;60;E27;220; ; ; ; ; ; ; ; ;1;60;60 Вт;E27;220;;;;1,3;0,015;;;22;;;250;25;;;;;Berliner Messing;Opal glass;;;;;;;;;;;;;SvetBerry;ps60-22opb;30
Светильники>>Подвесные;PS63-123opB;BERLINER MESSINGLAMPEN;ГЕРМАНИЯ;PS63;Подвесной светильник BERLINER MESSINGLAMPEN PS63-123opB;5565;13;Классика;1;60;E27;220; ; ; ; ; ; ; ; ;1;60;60 Вт;E27;220;;;;1,2;0,014;;;14;;;250;25;;;;;Berliner Messing;Opal glass;;;;;;;;;;;;;SvetBerry;ps63-123opb;30
Светильники>>Подвесные;D7-38opB;BERLINER MESSINGLAMPEN;ГЕРМАНИЯ;D7;Подвесной светильник BERLINER MESSINGLAMPEN D7-38opB;28830;9;Современный;3; ; ; ; ; ; ; ; ; ; ; ;3;;;;;;;;6;0,11;76;;;;31;;;;;;;Бронза;;;;;;;;;;;;;;SvetBerry;d7-38opb;30
Светильники>>Подвесные;PS60-25opB;BERLINER MESSINGLAMPEN;ГЕРМАНИЯ;PS60;Подвесной светильник BERLINER MESSINGLAMPEN PS60-25opB;5290;12;Современный;1;60;E27; ; ; ; ; ; ; ; ; ;1;60;60 Вт;E27;;;;;1,3;0,014;;;28;;31;;;;;;;Бронза;;;;;;;;;;;;;;SvetBerry;ps60-25opb;30
Светильники>>Подвесные;PS15-90opB;BERLINER MESSINGLAMPEN;ГЕРМАНИЯ;PS15;Подвесной светильник BERLINER MESSINGLAMPEN PS15-90opB;8455;2;Современный;1;60;E27; ; ; ; ; ; ; ; ; ;1;60;60 Вт;E27;;;;;;;;35;;;170;;;;;;;Бронза;;;;;;;;;;;;;Длина цепи 150 см;SvetBerry;ps15-90opb;30
Светильники>>Подвесные;PS63-113gsB;BERLINER MESSINGLAMPEN;ГЕРМАНИЯ;PS63;Подвесной светильник BERLINER MESSINGLAMPEN PS63-113gsB;5990;2;Современный;1;60;E27;220; ; ; ; ; ; ; ; ;1;60;60 Вт;E27;220;;;;;;;;;;;;;;;;;Бронза;;;;;;;;;;;;;;SvetBerry;ps63-113gsb;30
Светильники>>Подвесные;PS63-121opA;BERLINER MESSINGLAMPEN;ГЕРМАНИЯ;PS63;Подвесной светильник BERLINER MESSINGLAMPEN PS63-121opA;5625;2;Современный;1;60;E27;220; ; ; ; ; ; ; ; ;1;60;60 Вт;E27;220;;;;;;;;;;;;;;;;;Черный;;;;;;;;;;;;;;SvetBerry;ps63-121opa;30
Светильники>>Подвесные;PS66-223opB;BERLINER MESSINGLAMPEN;ГЕРМАНИЯ;PS66;Подвесной светильник BERLINER MESSINGLAMPEN PS66-223opB;6539;0;Современный;1;60;E27;220; ; ; ; ; ; ; ; ;1;60;60 Вт;E27;220;;;;;;;;;;;;;;;;;Бронза;;;;;;;;;;;;;;SvetBerry;ps66-223opb;30
Светильники>>Подвесные;D1-70opB;BERLINER MESSINGLAMPEN;ГЕРМАНИЯ;D1;Подвесной светильник BERLINER MESSINGLAMPEN D1-70opB;16620;2;Современный;2;60;E27; ; ; ; ; ; ; ; ; ;2;120;60 Вт;E27;;;;;4,3;0,064;85;;;;21;;;;;;;Бронза;;;;;;;;;;;;;;SvetBerry;d1-70opb;30
Светильники>>Подвесные;D101-70grB;BERLINER MESSINGLAMPEN;ГЕРМАНИЯ;D101;Подвесной светильник BERLINER MESSINGLAMPEN D101-70grB;48797;0;Современный;3;75;E27; ; ; ; ; ; ; ; ; ;3;225;75 Вт;E27;;;;;8,2;0,403;136;;;;;128;;;;;;Бронза;;;;;;;;;;;;;;SvetBerry;d101-70grb;30
Светильники>>Подвесные;D102-70opN;BERLINER MESSINGLAMPEN;ГЕРМАНИЯ;D102;Подвесной светильник BERLINER MESSINGLAMPEN D102-70opN;47651;0;Современный;3;75;E27; ; ; ; ; ; ; ; ; ;3;225;75 Вт;E27;;;;;7,3;0,404;136;;;;;128;;;;;;Бронза;;;;;;;;;;;;;;SvetBerry;d102-70opn;30
Светильники>>Подвесные;D34-90ebA;BERLINER MESSINGLAMPEN;ГЕРМАНИЯ;D34;Подвесной светильник BERLINER MESSINGLAMPEN D34-90ebA;22902;0;Современный;2;60;E27; ; ; ; ; ; ; ; ; ;2;120;60 Вт;E27;;;;;5,3;0,076;94;;;;28;;;;;;;Бронза;;;;;;;;;;;;;;SvetBerry;d34-90eba;30
Светильники>>Подвесные;D38-22opA;BERLINER MESSINGLAMPEN;ГЕРМАНИЯ;D38;Подвесной светильник BERLINER MESSINGLAMPEN D38-22opA;19585;5;Современный;2;60;E27; ; ; ; ; ; ; ; ; ;2;120;60 Вт;E27;;;;;3,9;0,064;73;;;;22;;;;;;;Бронза;;;;;;;;;;;;;;SvetBerry;d38-22opa;30
Светильники>>Подвесные;D4-129opA;BERLINER MESSINGLAMPEN;ГЕРМАНИЯ;D4;Подвесной светильник BERLINER MESSINGLAMPEN D4-129opA;8925;2;Современный;1;100;E27; ; ; ; ; ; ; ; ; ;1;100;100 Вт;E27;;;;;1,3;0,014;;;17;;62;;;;;;;Бронза;;;;;;;;;;;;;;SvetBerry;d4-129opa;30
Светильники>>Подвесные;D42-70opA;BERLINER MESSINGLAMPEN;ГЕРМАНИЯ;D42;Подвесной светильник BERLINER MESSINGLAMPEN D42-70opA;32165;7;Современный;2;60;E27; ; ; ; ; ; ; ; ; ;2;120;60 Вт;E27;;;;;4,8;0,268;95;;;;144;;;;;;;Бронза;;;;;;;;;;;;;;SvetBerry;d42-70opa;30
Светильники>>Подвесные;D43-25op+70opB;BERLINER MESSINGLAMPEN;ГЕРМАНИЯ;D43;Подвесной светильник BERLINER MESSINGLAMPEN D43-25op+70opB;34705;2;Современный;3;60;E27; ; ; ; ; ; ; ; ; ;3;180;60 Вт;E27;;;;;4,9;0,248;90;;;;142;;;;;;;Бронза;;;;;;;;;;;;;;SvetBerry;d43-25op+70opb;30
Светильники>>Подвесные;D5-125opA;BERLINER MESSINGLAMPEN;ГЕРМАНИЯ;D5;Подвесной светильник BERLINER MESSINGLAMPEN D5-125opA;11675;6;Современный;1;100;E27; ; ; ; ; ; ; ; ; ;1;100;100 Вт;E27;;;;;2,7;0,015;;;30;;65;;;;;;;Бронза;;;;;;;;;;;;;;SvetBerry;d5-125opa;30
Светильники>>Подвесные;D52-90opB;BERLINER MESSINGLAMPEN;ГЕРМАНИЯ;D52;Подвесной светильник BERLINER MESSINGLAMPEN D52-90opB;21655;5;Современный;2;60;E27; ; ; ; ; ; ; ; ; ;2;120;60 Вт;E27;;;;;5,2;0,076;86;;;;103;;;;;;;Бронза;;;;;;;;;;;;;;SvetBerry;d52-90opb;30
Светильники>>Подвесные;D73-125opB;BERLINER MESSINGLAMPEN;ГЕРМАНИЯ;D73;Подвесной светильник BERLINER MESSINGLAMPEN D73-125opB;11640;4;Современный;1;100;E27; ; ; ; ; ; ; ; ; ;1;100;100 Вт;E27;;;;;2,7;0,015;;;30;;70;;;;;;;Бронза;;;;;;;;;;;;;;SvetBerry;d73-125opb;30
Светильники>>Подвесные;ED34-38opB;BERLINER MESSINGLAMPEN;ГЕРМАНИЯ;ED34;Подвесной светильник BERLINER MESSINGLAMPEN ED34-38opB;30608;0;Современный;2;60;E27; ; ; ; ; ; ; ; ; ;2;120;60 Вт;E27;;;;;8,2;0,076;90;;;;26;;;;;;;Бронза;;;;;;;;;;;;;;SvetBerry;ed34-38opb;30
Светильники>>Подвесные;EI01-70opB;BERLINER MESSINGLAMPEN;ГЕРМАНИЯ;EI01;Подвесной светильник BERLINER MESSINGLAMPEN EI01-70opB;12365;2;Современный;1;60;E27; ; ; ; ; ; ; ; ; ;1;60;60 Вт;E27;;;;;4,2;0,056;;;30;;19;;;;;;;белый, бронза;;;;;;;;;;;;;;SvetBerry;ei01-70opb;30
Светильники>>Подвесные;EI02-38opB;BERLINER MESSINGLAMPEN;ГЕРМАНИЯ;EI02;Подвесной светильник BERLINER MESSINGLAMPEN EI02-38opB;13110;1;Современный;1;60;E27; ; ; ; ; ; ; ; ; ;1;60;60 Вт;E27;;;;;4,2;0,056;;;30;;16;;;;;;;Бронза;;;;;;;;;;;;;;SvetBerry;ei02-38opb;30
Светильники>>Подвесные;EI04-70grA;BERLINER MESSINGLAMPEN;ГЕРМАНИЯ;EI04;Подвесной светильник BERLINER MESSINGLAMPEN EI04-70grA;15584;0;Современный;1;60;E27; ; ; ; ; ; ; ; ; ;1;60;60 Вт;E27;;;;;5,8;0,056;;;30;;19;;;;;;;Коричневый;;;;;;;;;;;;;;SvetBerry;ei04-70gra;30
Светильники>>Подвесные;EI05-38opB;BERLINER MESSINGLAMPEN;ГЕРМАНИЯ;EI05;Подвесной светильник BERLINER MESSINGLAMPEN EI05-38opB;15860;2;Современный;1;60;E27; ; ; ; ; ; ; ; ; ;1;60;60 Вт;E27;;;;;4,7;0,056;;;30;;16;;;;;;;Бронза;;;;;;;;;;;;;;SvetBerry;ei05-38opb;30
Светильники>>Подвесные;PS15-89opB;BERLINER MESSINGLAMPEN;ГЕРМАНИЯ;PS15;Подвесной светильник BERLINER MESSINGLAMPEN PS15-89opB;8740;1;Современный;1;60;E27; ; ; ; ; ; ; ; ; ;1;60;60 Вт;E27;;;;;2,1;0,024;;;35;;22;;;;;;;Бронза;;;;;;;;;;;;;;SvetBerry;ps15-89opb;30
Светильники>>Подвесные;PS18-129opA;BERLINER MESSINGLAMPEN;ГЕРМАНИЯ;PS18;Подвесной светильник BERLINER MESSINGLAMPEN PS18-129opA;9740;7;Современный;1;75;E27; ; ; ; ; ; ; ; ; ;1;75;75 Вт;E27;;;;;2,2;0,076;;;18;;75;;;;;;;Коричневый;;;;;;;;;;;;;;SvetBerry;ps18-129opa;30
Светильники>>Подвесные;PS18-139opB;BERLINER MESSINGLAMPEN;ГЕРМАНИЯ;PS18;Подвесной светильник BERLINER MESSINGLAMPEN PS18-139opB;13710;1;Современный;1;75;E27; ; ; ; ; ; ; ; ; ;1;75;75 Вт;E27;;;;;4,7;0,179;;;45;;100;;;;;;;Бронза;;;;;;;;;;;;;;SvetBerry;ps18-139opb;30
Светильники>>Подвесные;PS28-122gsB;BERLINER MESSINGLAMPEN;ГЕРМАНИЯ;PS28;Подвесной светильник BERLINER MESSINGLAMPEN PS28-122gsB;14995;12;Современный;1;60;E27; ; ; ; ; ; ; ; ; ;1;60;60 Вт;E27;;;;;3,6;0,064;;;28;;65;;;;;;;Бронза;;;;;;;;;;;;;;SvetBerry;ps28-122gsb;30
Светильники>>Подвесные;PS45-120opB;BERLINER MESSINGLAMPEN;ГЕРМАНИЯ;PS45;Подвесной светильник BERLINER MESSINGLAMPEN PS45-120opB;6445;0;Современный;1;60;E27; ; ; ; ; ; ; ; ; ;1;60;60 Вт;E27;;;;;2,1;0,064;;;20;;80;;;;;;;Бронза;;;;;;;;;;;;;;SvetBerry;ps45-120opb;30
Светильники>>Подвесные;PS45-138opB;BERLINER MESSINGLAMPEN;ГЕРМАНИЯ;PS45;Подвесной светильник BERLINER MESSINGLAMPEN PS45-138opB;8050;11;Современный;1;60;E27; ; ; ; ; ; ; ; ; ;1;60;60 Вт;E27;;;;;2,5;0,064;;;25;;85;;;;;;;Бронза;;;;;;;;;;;;;;SvetBerry;ps45-138opb;30
Светильники>>Подвесные;PS48-142opsN;BERLINER MESSINGLAMPEN;ГЕРМАНИЯ;PS48;Подвесной светильник BERLINER MESSINGLAMPEN PS48-142opsN;8590;2;Современный;1;60;E27; ; ; ; ; ; ; ; ; ;1;60;60 Вт;E27;;;;;2,5;0,064;;;24;;76;;;;;;;Золото;;;;;;;;;;;;;;SvetBerry;ps48-142opsn;30
Светильники>>Подвесные;PS54-148op+149opB;BERLINER MESSINGLAMPEN;ГЕРМАНИЯ;PS54;Подвесной светильник BERLINER MESSINGLAMPEN PS54-148op+149opB;16735;2;Современный;1;100;E27; ; ; ; ; ; ; ; ; ;1;100;100 Вт;E27;;;;;4,6;0,076;;;34;;102;;;;;;;Бронза;;;;;;;;;;;;;;SvetBerry;ps54-148op+149opb;30
Светильники>>Подвесные;PS60-171opB;BERLINER MESSINGLAMPEN;ГЕРМАНИЯ;PS60;Подвесной светильник BERLINER MESSINGLAMPEN PS60-171opB;5245;10;Современный;1;60;E27; ; ; ; ; ; ; ; ; ;1;60;60 Вт;E27;;;;;1,4;0,014;;;15;;19;;;;;;;Бронза;;;;;;;;;;;;;;SvetBerry;ps60-171opb;30
Светильники>>Подвесные;PS60-38opB;BERLINER MESSINGLAMPEN;ГЕРМАНИЯ;PS60;Подвесной светильник BERLINER MESSINGLAMPEN PS60-38opB;6085;6;Современный;1;60;E27; ; ; ; ; ; ; ; ; ;1;60;60 Вт;E27;;;;;1,5;0,014;;;30;;16;;;;;;;Бронза;;;;;;;;;;;;;;SvetBerry;ps60-38opb;30
Светильники>>Подвесные;PS62-171grB;BERLINER MESSINGLAMPEN;ГЕРМАНИЯ;PS62;Подвесной светильник BERLINER MESSINGLAMPEN PS62-171grB;6865;5;Современный;1;60;E27; ; ; ; ; ; ; ; ; ;1;60;60 Вт;E27;;;;;1,4;0,014;;;15;;19;;;;;;;Бронза;;;;;;;;;;;;;;SvetBerry;ps62-171grb;30
Светильники>>Подвесные;PS63-120opA;BERLINER MESSINGLAMPEN;ГЕРМАНИЯ;PS63;Подвесной светильник BERLINER MESSINGLAMPEN PS63-120opA;5360;1;Современный;1;60;E27; ; ; ; ; ; ; ; ; ;1;60;60 Вт;E27;;;;;1,4;0,014;;;20;;26;;;;;;;Бронза;;;;;;;;;;;;;;SvetBerry;ps63-120opa;30
Светильники>>Подвесные;PS64-171opN;BERLINER MESSINGLAMPEN;ГЕРМАНИЯ;PS64;Подвесной светильник BERLINER MESSINGLAMPEN PS64-171opN;6506;0;Современный;1;60;E27; ; ; ; ; ; ; ; ; ;1;60;60 Вт;E27;;;;;1,4;0,014;;;15;;19;;;;;;;Золото;;;;;;;;;;;;;;SvetBerry;ps64-171opn;30
Светильники>>Подвесные;D76-98opB;BERLINER MESSINGLAMPEN;ГЕРМАНИЯ;D76;Подвесной светильник BERLINER MESSINGLAMPEN D76-98opB;9865;8;Современный;2;100;E27; ; ; ; ; ; ; ; ; ;2;200;100 Вт;E27;;;;;1,9;0,021;;;32;;35;;;;;;;Бронза;;;;;;;;;;;;;;SvetBerry;d76-98opb;30
Светильники>>Подвесные;D76-98opN;BERLINER MESSINGLAMPEN;ГЕРМАНИЯ;D76;Подвесной светильник BERLINER MESSINGLAMPEN D76-98opN;10755;4;Современный;2;100;E27; ; ; ; ; ; ; ; ; ;2;200;100 Вт;E27;;;;;1,9;0,021;;;32;;35;;;;;;;Серебро;;;;;;;;;;;;;;SvetBerry;d76-98opn;30
Светильники>>Подвесные;D77-90opB;BERLINER MESSINGLAMPEN;ГЕРМАНИЯ;D77;Подвесной светильник BERLINER MESSINGLAMPEN D77-90opB;10245;7;Современный;2;100;E27; ; ; ; ; ; ; ; ; ;2;200;100 Вт;E27;;;;;2,3;0,029;;;35;;40;;;;;;;Бронза;;;;;;;;;;;;;;SvetBerry;d77-90opb;30
Светильники>>Подвесные;D77-90opN;BERLINER MESSINGLAMPEN;ГЕРМАНИЯ;D77;Подвесной светильник BERLINER MESSINGLAMPEN D77-90opN;11110;10;Современный;2;100;E27; ; ; ; ; ; ; ; ; ;2;200;100 Вт;E27;;;;;2,3;0,028;;;35;;40;;;;;;;Серебро;;;;;;;;;;;;;;SvetBerry;d77-90opn;30
Светильники>>Подвесные;D81-38opB;BERLINER MESSINGLAMPEN;ГЕРМАНИЯ;D81;Подвесной светильник BERLINER MESSINGLAMPEN D81-38opB;19540;1;Современный;2;60;E27; ; ; ; ; ; ; ; ; ;2;120;60 Вт;E27;;;;;4,1;0,076;91;;;;19;;;;;;;Бронза;;;;;;;;;;;;;;SvetBerry;d81-38opb;30
Светильники>>Потолочные;D18-125opB;BERLINER MESSINGLAMPEN;ГЕРМАНИЯ;D18;Потолочный светильник BERLINER MESSINGLAMPEN D18-125opB;8465;24;Современный;1;60;E27; ; ; ; ; ; ; ; ; ;1;60;60 Вт;E27;;;;;2;0,015;;;30;;15;;;;;;;Бронза;;;;;;;;;;;;;;SvetBerry;d18-125opb;30
Светильники>>Потолочные;D18-125opC;BERLINER MESSINGLAMPEN;ГЕРМАНИЯ;D18;Потолочный светильник BERLINER MESSINGLAMPEN D18-125opC;8915;4;Современный;1;60;E27; ; ; ; ; ; ; ; ; ;1;60;60 Вт;E27;;;;;2;0,015;;;30;;15;;;;;;;Серебро;;;;;;;;;;;;;;SvetBerry;d18-125opc;30
Светильники>>Потолочные;D18-135opN;BERLINER MESSINGLAMPEN;ГЕРМАНИЯ;D18;Потолочный светильник BERLINER MESSINGLAMPEN D18-135opN;9605;5;Современный;1;60;E27; ; ; ; ; ; ; ; ; ;1;60;60 Вт;E27;;;;;2,4;0,015;;;30;;17;;;;;;;Серебро;;;;;;;;;;;;;;SvetBerry;d18-135opn;30
Светильники>>Потолочные;D18-135opP;BERLINER MESSINGLAMPEN;ГЕРМАНИЯ;D18;Потолочный светильник BERLINER MESSINGLAMPEN D18-135opP;8750;6;Современный;1;60;E27; ; ; ; ; ; ; ; ; ;1;60;60 Вт;E27;;;;;1,8;0,015;;;30;;17;;;;;;;Золото;;;;;;;;;;;;;;SvetBerry;d18-135opp;30
Светильники>>Потолочные;D50-70opA;BERLINER MESSINGLAMPEN;ГЕРМАНИЯ;D50;Потолочный светильник BERLINER MESSINGLAMPEN D50-70opA;6855;2;Классика;1;100;E27; ; ; ; ; ; ; ; ; ;1;100;100 Вт;E27;;;;;1,6;0,015;;;30;;30;;;;;;;Коричневый;;;;;;;;;;;;;;SvetBerry;d50-70opa;30
Светильники>>Потолочные;D50-90opN;BERLINER MESSINGLAMPEN;ГЕРМАНИЯ;D50;Потолочный светильник BERLINER MESSINGLAMPEN D50-90opN;10612;0;Современный;1;100;E27; ; ; ; ; ; ; ; ; ;1;100;100 Вт;E27;;;;;1,7;0,021;;;35;;30;;;;;;;Серебро;;;;;;;;;;;;;;SvetBerry;d50-90opn;30
Светильники>>Потолочные;D60-121opA;BERLINER MESSINGLAMPEN;ГЕРМАНИЯ;D60;Потолочный светильник BERLINER MESSINGLAMPEN D60-121opA;5530;1;Современный;1;60;E27; ; ; ; ; ; ; ; ; ;1;60;60 Вт;E27;;;;;1;0,014;;;17;;20;;;;;;;Коричневый;;;;;;;;;;;;;;SvetBerry;d60-121opa;30
Светильники>>Потолочные;D8-126crB;BERLINER MESSINGLAMPEN;ГЕРМАНИЯ;D8;Потолочный светильник BERLINER MESSINGLAMPEN D8-126crB;6565;22;Современный;1;60;E27; ; ; ; ; ; ; ; ; ;1;60;60 Вт;E27;;;;;0,9;0,014;;;20;;12;;;;;;;Бронза;;;;;;;;;;;;;;SvetBerry;d8-126crb;30
Светильники>>Потолочные;D8-126opB;BERLINER MESSINGLAMPEN;ГЕРМАНИЯ;D8;Потолочный светильник BERLINER MESSINGLAMPEN D8-126opB;5740;36;Современный;1;60;E27; ; ; ; ; ; ; ; ; ;1;60;60 Вт;E27;;;;;1;0,014;;;20;;12;;;;;;;Бронза;;;;;;;;;;;;;;SvetBerry;d8-126opb;30
Светильники>>Потолочные;D8-126opN;BERLINER MESSINGLAMPEN;ГЕРМАНИЯ;D8;Потолочный светильник BERLINER MESSINGLAMPEN D8-126opN;7066;0;Современный;1;60;E27; ; ; ; ; ; ; ; ; ;1;60;60 Вт;E27;;;;;1,2;0,014;;;20;;12;;;;;;;Серебро;;;;;;;;;;;;;;SvetBerry;d8-126opn;30
Светильники>>Потолочные;D8-126opP;BERLINER MESSINGLAMPEN;ГЕРМАНИЯ;D8;Потолочный светильник BERLINER MESSINGLAMPEN D8-126opP;5910;13;Современный;1;60;E27; ; ; ; ; ; ; ; ; ;1;60;60 Вт;E27;;;;;1,1;0,014;;;20;;12;;;;;;;Золото;;;;;;;;;;;;;;SvetBerry;d8-126opp;30
Светильники>>Потолочные;D8-129opA;BERLINER MESSINGLAMPEN;ГЕРМАНИЯ;D8;Потолочный светильник BERLINER MESSINGLAMPEN D8-129opA;6040;9;Современный;1;60;E27; ; ; ; ; ; ; ; ; ;1;60;60 Вт;E27;;;;;1;0,014;;;20;;14;;;;;;;Коричневый;;;;;;;;;;;;;;SvetBerry;d8-129opa;30
Светильники>>Потолочные;D8-129opC;BERLINER MESSINGLAMPEN;ГЕРМАНИЯ;D8;Потолочный светильник BERLINER MESSINGLAMPEN D8-129opC;6430;7;Современный;1;60;E27; ; ; ; ; ; ; ; ; ;1;60;60 Вт;E27;;;;;1;0,014;;;20;;14;;;;;;;Серебро;;;;;;;;;;;;;;SvetBerry;d8-129opc;30
Светильники>>Потолочные;D92-182crA;BERLINER MESSINGLAMPEN;ГЕРМАНИЯ;D92;Потолочный светильник BERLINER MESSINGLAMPEN D92-182crA;20569;0;Современный;3;75;E27; ; ; ; ; ; ; ; ; ;3;225;75 Вт;E27;;;;;5,2;0,056;;;40;;23;;;;;;;Коричневый;;;;;;;;;;;;;;SvetBerry;d92-182cra;30
Светильники>>Потолочные;D92-183opB;BERLINER MESSINGLAMPEN;ГЕРМАНИЯ;D92;Потолочный светильник BERLINER MESSINGLAMPEN D92-183opB;14465;10;Современный;3;75;E27; ; ; ; ; ; ; ; ; ;3;225;75 Вт;E27;;;;;5,1;0,056;;;41;;20;;;;;;;Бронза;;;;;;;;;;;;;;SvetBerry;d92-183opb;30
Светильники>>Потолочные;D92-183opN;BERLINER MESSINGLAMPEN;ГЕРМАНИЯ;D92;Потолочный светильник BERLINER MESSINGLAMPEN D92-183opN;15295;1;Современный;3;75;E27; ; ; ; ; ; ; ; ; ;3;225;75 Вт;E27;;;;;5,1;0,056;;;41;;20;;;;;;;Серебро;;;;;;;;;;;;;;SvetBerry;d92-183opn;30
Светильники>>Потолочные;PS07-03aeA;BERLINER MESSINGLAMPEN;ГЕРМАНИЯ;PS07;Потолочный светильник BERLINER MESSINGLAMPEN PS07-03aeA;3670;1;Современный;1;60;E27; ; ; ; ; ; ; ; ; ;1;60;60 Вт;E27;;;;;0,7;0,014;;;15;;18;;;;;;;Коричневый;;;;;;;;;;;;;;SvetBerry;ps07-03aea;30
Светильники>>Потолочные;PS09-25opB;BERLINER MESSINGLAMPEN;ГЕРМАНИЯ;PS09;Потолочный светильник BERLINER MESSINGLAMPEN PS09-25opB;4130;6;Современный;1;60;E27; ; ; ; ; ; ; ; ; ;1;60;60 Вт;E27;;;;;1,1;0,014;;;25;;17;;;;;;;Бронза;;;;;;;;;;;;;;SvetBerry;ps09-25opb;30
Светильники>>Потолочные;PS11-123opB;BERLINER MESSINGLAMPEN;ГЕРМАНИЯ;PS11;Потолочный светильник BERLINER MESSINGLAMPEN PS11-123opB;4610;15;Современный;1;40;E27; ; ; ; ; ; ; ; ; ;1;40;40 Вт;E27;;;;;1;0,014;;;14;;26;;;;;;;Бронза;;;;;;;;;;;;;;SvetBerry;ps11-123opb;30
Светильники>>Потолочные;PS12-115aeA;BERLINER MESSINGLAMPEN;ГЕРМАНИЯ;PS12;Потолочный светильник BERLINER MESSINGLAMPEN PS12-115aeA;4230;2;Современный;1;40;E27; ; ; ; ; ; ; ; ; ;1;40;40 Вт;E27;;;;;0,9;0,014;;;15;;22;;;;;;;Коричневый;;;;;;;;;;;;;;SvetBerry;ps12-115aea;30
Светильники>>Потолочные;PS07-22opB;BERLINER MESSINGLAMPEN;ГЕРМАНИЯ;PS07;Потолочный светильник BERLINER MESSINGLAMPEN PS07-22opB;4185;18;Современный;1;60;E27;220; ; ; ; ; ; ; ; ;1;60;60 Вт;E27;220;;;;1,2;0,015;;;22;;14;;;;;;;Berliner Messing;Opal glass;;;;;;;;;;;;;SvetBerry;ps07-22opb;30
Люстры>>Подвесные;D14-113gs+122gsB;BERLINER MESSINGLAMPEN;ГЕРМАНИЯ;D14;Подвесная люстра BERLINER MESSINGLAMPEN D14-113gs+122gsB;36825;4;Классика;1;60;E27; ;3;40;E27; ; ; ; ; ;4;180;3x40Вт, 1x60Вт;E27;;;;;8,6;0,112;;;60;;101;;;;;;;;;;;;;;;;;;;;;SvetBerry;d14-113gs+122gsb;30
Люстры>>Подвесные;D15-123opB;BERLINER MESSINGLAMPEN;ГЕРМАНИЯ;D15;Подвесная люстра BERLINER MESSINGLAMPEN D15-123opB;27000;0;Классика;3;40;E27; ; ; ; ; ; ; ; ; ;3;120;40 Вт;E27;;;;;5,4;0,056;;;54;;92;;;;;;;;;;;;;;;;;;;;;SvetBerry;d15-123opb;30
Люстры>>Подвесные;D16-25opB;BERLINER MESSINGLAMPEN;ГЕРМАНИЯ;D16;Подвесная люстра BERLINER MESSINGLAMPEN D16-25opB;22910;3;Классика;3;60;E27; ; ; ; ; ; ; ; ; ;3;180;60 Вт;E27;;;;;5,5;0,056;;;64;;87;;;;;;;;;;;;;;;;;;;;;SvetBerry;d16-25opb;30
Люстры>>Подвесные;D215-123ebB;BERLINER MESSINGLAMPEN;ГЕРМАНИЯ;D215;Подвесная люстра BERLINER MESSINGLAMPEN D215-123ebB;53223;0;Классика;5;40;E27; ; ; ; ; ; ; ; ; ;5;200;40 Вт;E27;;;;;6,8;0,112;;;54;;92;;;;;;;;;;;;;;;;;;;;;SvetBerry;d215-123ebb;30
Люстры>>Подвесные;D215-123opB;BERLINER MESSINGLAMPEN;ГЕРМАНИЯ;D215;Подвесная люстра BERLINER MESSINGLAMPEN D215-123opB;45565;2;Классика;5;40;E27; ; ; ; ; ; ; ; ; ;5;200;40 Вт;E27;;;;;6,8;0,112;;;54;;92;;;;;;;;;;;;;;;;;;;;;SvetBerry;d215-123opb;30
Люстры>>Подвесные;D231-123cr+125crB;BERLINER MESSINGLAMPEN;ГЕРМАНИЯ;D231;Подвесная люстра BERLINER MESSINGLAMPEN D231-123cr+125crB;126320;0;Классика;11;40;E27; ; ; ; ; ; ; ; ; ;11;440;40 Вт;E27;;;;;19,6;0,201;;;77;;84;;;;;;;;;;;;;;;;;;;;;SvetBerry;d231-123cr+125crb;30
Люстры>>Подвесные;D234-113gs+122gsB;BERLINER MESSINGLAMPEN;ГЕРМАНИЯ;D234;Подвесная люстра BERLINER MESSINGLAMPEN D234-113gs+122gsB;172880;2;Классика;19;40;E27; ; ; ; ; ; ; ; ; ;19;760;40 Вт;E27;;;;;44,6;0,517;;;86;;120;;;;;;;;;;;;;;;;;;;;;SvetBerry;d234-113gs+122gsb;30
Люстры>>Подвесные;D258-40opB;BERLINER MESSINGLAMPEN;ГЕРМАНИЯ;D258;Подвесная люстра BERLINER MESSINGLAMPEN D258-40opB;29025;3;Современный;5;60;E27; ; ; ; ; ; ; ; ; ;5;300;60 Вт;E27;;;;;5,3;0,112;;;72;;45;;;;;;;;;;;;;;;;;;;;;SvetBerry;d258-40opb;30
Люстры>>Подвесные;D26-41opA;BERLINER MESSINGLAMPEN;ГЕРМАНИЯ;D26;Подвесная люстра BERLINER MESSINGLAMPEN D26-41opA;27315;2;Классика;3;60;E27; ; ; ; ; ; ; ; ; ;3;180;60 Вт;E27;;;;;5,7;0,056;;;62;;85;;;;;;;;;;;;;;;;;;;;Длина штанги 50 см;SvetBerry;d26-41opa;30
Люстры>>Подвесные;D27-114gsA;BERLINER MESSINGLAMPEN;ГЕРМАНИЯ;D27;Подвесная люстра BERLINER MESSINGLAMPEN D27-114gsA;29200;1;Классика;3;40;E27; ; ; ; ; ; ; ; ; ;3;120;40 Вт;E27;;;;;6,1;0,056;;;55;;96;;;;;;;;;;;;;;;;;;;;;SvetBerry;d27-114gsa;30
Люстры>>Подвесные;D27-123opB;BERLINER MESSINGLAMPEN;ГЕРМАНИЯ;D27;Подвесная люстра BERLINER MESSINGLAMPEN D27-123opB;30779;0;Классика;3;40;E27; ; ; ; ; ; ; ; ; ;3;120;40 Вт;E27;;;;;5,5;0,056;;;55;;96;;;;;;;;;;;;;;;;;;;;;SvetBerry;d27-123opb;30
Люстры>>Подвесные;D288-123opB;BERLINER MESSINGLAMPEN;ГЕРМАНИЯ;D288;Подвесная люстра BERLINER MESSINGLAMPEN D288-123opB;132665;4;Современный;9;40;E27; ; ; ; ; ; ; ; ; ;9;360;40 Вт;E27;;;;;18,3;0,584;;;82;;137;;;;;;;;;;;;;;;;;;;;;SvetBerry;d288-123opb;30
Люстры>>Подвесные;D45-25opB;BERLINER MESSINGLAMPEN;ГЕРМАНИЯ;D45;Подвесная люстра BERLINER MESSINGLAMPEN D45-25opB;46735;2;Классика;3;60;E27; ; ; ; ; ; ; ; ; ;3;180;60 Вт;E27;;;;;5,5;0,604;;;88;;128;;;;;;;Бронза;;;;;;;;;;;;;;SvetBerry;d45-25opb;30
Люстры>>Подвесные;D53-22opB;BERLINER MESSINGLAMPEN;ГЕРМАНИЯ;D53;Подвесная люстра BERLINER MESSINGLAMPEN D53-22opB;24405;3;Классика;3;60;E27; ; ; ; ; ; ; ; ; ;3;180;60 Вт;E27;;;;;5,4;0,114;;;78;;80;;;;;;;Бронза;;;;;;;;;;;;;;SvetBerry;d53-22opb;30
Люстры>>Подвесные;D58-40opB;BERLINER MESSINGLAMPEN;ГЕРМАНИЯ;D58;Подвесная люстра BERLINER MESSINGLAMPEN D58-40opB;18755;0;Классика;3;60;E27; ; ; ; ; ; ; ; ; ;3;180;60 Вт;E27;;;;;3,3;0,056;;;68;;38;;;;;;;Бронза;;;;;;;;;;;;;;SvetBerry;d58-40opb;30
Люстры>>Подвесные;D59-123opB;BERLINER MESSINGLAMPEN;ГЕРМАНИЯ;D59;Подвесная люстра BERLINER MESSINGLAMPEN D59-123opB;25600;1;Классика;3;40;E27; ; ; ; ; ; ; ; ; ;3;120;40 Вт;E27;;;;;4,9;0,112;;;44;;131;;;;;;;Бронза;;;;;;;;;;;;;;SvetBerry;d59-123opb;30
Люстры>>Подвесные;D70-123opB;BERLINER MESSINGLAMPEN;ГЕРМАНИЯ;D70;Подвесная люстра BERLINER MESSINGLAMPEN D70-123opB;32340;6;Современный;3;40;E27; ; ; ; ; ; ; ; ; ;3;120;40 Вт;E27;;;;;4,8;0,076;;;60;;121;;;;;;;Бронза;;;;;;;;;;;;;;SvetBerry;d70-123opb;30
Люстры>>Подвесные;D71-22opB;BERLINER MESSINGLAMPEN;ГЕРМАНИЯ;D71;Подвесная люстра BERLINER MESSINGLAMPEN D71-22opB;36075;1;Современный;3;40;E27; ; ; ; ; ; ; ; ; ;3;120;40 Вт;E27;;;;;5,7;0,112;;;66;;104;;;;;;;Бронза;;;;;;;;;;;;;;SvetBerry;d71-22opb;30
Люстры>>Подвесные;D86-22opB;BERLINER MESSINGLAMPEN;ГЕРМАНИЯ;D86;Подвесная люстра BERLINER MESSINGLAMPEN D86-22opB;63706;0;Классика;5;60;E27; ; ; ; ; ; ; ; ; ;5;300;60 Вт;E27;;;;;7,9;0,668;;;92;;129;;;;;;;Бронза;;;;;;;;;;;;;;SvetBerry;d86-22opb;30
Люстры>>Подвесные;D89-22opB;BERLINER MESSINGLAMPEN;ГЕРМАНИЯ;D89;Подвесная люстра BERLINER MESSINGLAMPEN D89-22opB;36180;3;Классика;5;60;E27; ; ; ; ; ; ; ; ; ;5;300;60 Вт;E27;;;;;8,1;0,15;;;78;;80;;;;;;;Бронза;;;;;;;;;;;;;;SvetBerry;d89-22opb;30
Люстры>>Подвесные;D12-15ae+P4B;BERLINER MESSINGLAMPEN;ГЕРМАНИЯ;D12;Подвесная люстра BERLINER MESSINGLAMPEN D12-15ae+P4B;30960;2;Классика;3;60;E27;220; ; ; ; ; ; ; ; ;3;180;60 Вт;E27;220;;;;;;;;;;;;;;;;;;;;;;;;;;;;;;;SvetBerry;d12-15ae+p4b;30
Люстры>>Подвесные;D26-41opB;BERLINER MESSINGLAMPEN;ГЕРМАНИЯ;D26;Подвесная люстра BERLINER MESSINGLAMPEN D26-41opB;27315;2;Классика;3;60;E27; ; ; ; ; ; ; ; ; ;3;180;60 Вт;E27;;;;;;;;62;;;85;;;;;;;;;;;;;;;;;;;;Длина штанги 50 см;SvetBerry;d26-41opb;30
Люстры>>Подвесные;D35-22opB;BERLINER MESSINGLAMPEN;ГЕРМАНИЯ;D35;Подвесная люстра BERLINER MESSINGLAMPEN D35-22opB;39720;0;Классика;5;60;E27;220; ; ; ; ; ; ; ; ;5;300;60 Вт;E27;220;;;;;;;;;;;;;;;;;Бронза;;;;;;;;;;;;;;SvetBerry;d35-22opb;30
Люстры>>Подвесные;D88-123opB-6flg;BERLINER MESSINGLAMPEN;ГЕРМАНИЯ;D88;Подвесная люстра BERLINER MESSINGLAMPEN D88-123opB-6flg;110540;3;Современный;6;40;E27; ; ; ; ; ; ; ; ; ;6;240;40 Вт;E27;;;;;10;;;78;;;137;;;;;;;Бронза;;;;;;;;;;;;;Длина штанги 50 см;SvetBerry;d88-123opb-6flg;30
Люстры>>Подвесные;D88-123opB;BERLINER MESSINGLAMPEN;ГЕРМАНИЯ;D88;Подвесная люстра BERLINER MESSINGLAMPEN D88-123opB;109577;0;Современный;5;40;E27;220; ; ; ; ; ; ; ; ;5;200;40 Вт;E27;220;;;;;;;;80;;110;;;;;;;Berliner Messing;Opal glass;;;;;;;;;;;;;SvetBerry;d88-123opb;30
Люстры>>Подвесные;D227-123opB;BERLINER MESSINGLAMPEN;ГЕРМАНИЯ;D227;Подвесная люстра BERLINER MESSINGLAMPEN D227-123opB;46530;2;Современный;5;40;E27;220; ; ; ; ; ; ; ; ;5;200;40 Вт;E27;220;;;;8,3;0,112;;;55;;96;;;;;;;Berliner Messing;Opal glass;;;;;;;;;;;;;SvetBerry;d227-123opb;30
Настольные лампы ;C2-25opB;BERLINER MESSINGLAMPEN;ГЕРМАНИЯ;C2;Настольная лампа BERLINER MESSINGLAMPEN C2-25opB;14179;0;Современный;1;60;E27; ; ; ; ; ; ; ; ; ;1;60;60 Вт;E27;;;;;4,8;0,025;;;;;64;;;;;;;;;;;;;;;;;;;;;SvetBerry;c2-25opb;30
Настольные лампы ;G1-17grB;BERLINER MESSINGLAMPEN;ГЕРМАНИЯ;G1;Настольная лампа BERLINER MESSINGLAMPEN G1-17grB;12460;0;Современный;1;60;E27; ; ; ; ; ; ; ; ; ;1;60;60 Вт;E27;;;;;3,2;0,025;;;;;63;;;;;;;;;;;;;;;;;;;;;SvetBerry;g1-17grb;30
Настольные лампы ;T4G6-29opB;BERLINER MESSINGLAMPEN;ГЕРМАНИЯ;T4G6;Настольная лампа BERLINER MESSINGLAMPEN T4G6-29opB;12970;3;Классика;1;60;E27; ; ; ; ; ; ; ; ; ;1;60;60 Вт;E27;;;;;3,5;0,025;;;;;59;;;;;;;;;;;;;;;;;;;;;SvetBerry;t4g6-29opb;30
Настольные лампы ;V16-98opN;BERLINER MESSINGLAMPEN;ГЕРМАНИЯ;V16;Настольная лампа BERLINER MESSINGLAMPEN V16-98opN;21365;5;Классика;2;60;E27; ; ; ; ; ; ; ; ; ;2;120;60 Вт;E27;;;;;4,2;0,076;;;;;55;;;;;;;;;;;;;;;;;;;;;SvetBerry;v16-98opn;30
Настольные лампы ;V2-25opB;BERLINER MESSINGLAMPEN;ГЕРМАНИЯ;V2;Настольная лампа BERLINER MESSINGLAMPEN V2-25opB;7995;1;Классика;1;60;E14; ; ; ; ; ; ; ; ; ;1;60;60 Вт;E14;;;;;1,9;0,025;;;;;39;;;;;;;;;;;;;;;;;;;;;SvetBerry;v2-25opb;30
Настольные лампы ;V20-16opB;BERLINER MESSINGLAMPEN;ГЕРМАНИЯ;V20;Настольная лампа BERLINER MESSINGLAMPEN V20-16opB;6335;3;Классика;1;60;E14; ; ; ; ; ; ; ; ; ;1;60;60 Вт;E14;;;;;1,5;0,014;;;;;27;;;;;;;;;;;;;;;;;;;;;SvetBerry;v20-16opb;30
Настольные лампы ;V23-48opB;BERLINER MESSINGLAMPEN;ГЕРМАНИЯ;V23;Настольная лампа BERLINER MESSINGLAMPEN V23-48opB;8355;0;Классика;1;60;E14; ; ; ; ; ; ; ; ; ;1;60;60 Вт;E14;;;;;1,9;0,025;;;;;38;;;;;;;Бронза;;;;;;;;;;;;;;SvetBerry;v23-48opb;30
Настольные лампы ;Z1-100ebA;BERLINER MESSINGLAMPEN;ГЕРМАНИЯ;Z1;Настольная лампа BERLINER MESSINGLAMPEN Z1-100ebA;9800;1;Классика;1;75;E27; ; ; ; ; ; ; ; ; ;1;75;75 Вт;E27;;;;;2,5;0,025;;;;;43;;;;;;;Коричневый;;;;;;;;;;;;;;SvetBerry;z1-100eba;30
Настольные лампы ;Z1-100opN;BERLINER MESSINGLAMPEN;ГЕРМАНИЯ;Z1;Настольная лампа BERLINER MESSINGLAMPEN Z1-100opN;11615;2;Классика;1;75;E27; ; ; ; ; ; ; ; ; ;1;75;75 Вт;E27;;;;;3,6;0,025;;;;;43;;;;;;;Серебро;;;;;;;;;;;;;;SvetBerry;z1-100opn;30
Настольные лампы ;Z1-100opP;BERLINER MESSINGLAMPEN;ГЕРМАНИЯ;Z1;Настольная лампа BERLINER MESSINGLAMPEN Z1-100opP;10095;5;Классика;1;75;E27; ; ; ; ; ; ; ; ; ;1;75;75 Вт;E27;;;;;2,5;0,025;;;;;43;;;;;;;Золото;;;;;;;;;;;;;;SvetBerry;z1-100opp;30
Настольные лампы ;Z14-100opB;BERLINER MESSINGLAMPEN;ГЕРМАНИЯ;Z14;Настольная лампа BERLINER MESSINGLAMPEN Z14-100opB;11035;0;Классика;1;75;E27; ; ; ; ; ; ; ; ; ;1;75;75 Вт;E27;;;;;2,8;0,025;;;;;39;;;;;;;Бронза;;;;;;;;;;;;;;SvetBerry;z14-100opb;30
Настольные лампы ;Z17-125crB;BERLINER MESSINGLAMPEN;ГЕРМАНИЯ;Z17;Настольная лампа BERLINER MESSINGLAMPEN Z17-125crB;19076;0;Классика;1;75;E27; ; ; ; ; ; ; ; ; ;1;75;75 Вт;E27;;;;;5;0,056;;;;;48;;;;;;;Бронза;;;;;;;;;;;;;;SvetBerry;z17-125crb;30
Настольные лампы ;Z5-134opA;BERLINER MESSINGLAMPEN;ГЕРМАНИЯ;Z5;Настольная лампа BERLINER MESSINGLAMPEN Z5-134opA;8552;0;Классика;1;75;E27; ; ; ; ; ; ; ; ; ;1;75;75 Вт;E27;;;;;2,3;0,025;;;;;38;;;;;;;Бронза;;;;;;;;;;;;;;SvetBerry;z5-134opa;30
Настольные лампы ;Z5-134opB;BERLINER MESSINGLAMPEN;ГЕРМАНИЯ;Z5;Настольная лампа BERLINER MESSINGLAMPEN Z5-134opB;8552;0;Классика;1;75;E27; ; ; ; ; ; ; ; ; ;1;75;75 Вт;E27;;;;;2,3;0,025;;;;;38;;;;;;;Бронза;;;;;;;;;;;;;;SvetBerry;z5-134opb;30
Настольные лампы ;Z9-135opB;BERLINER MESSINGLAMPEN;ГЕРМАНИЯ;Z9;Настольная лампа BERLINER MESSINGLAMPEN Z9-135opB;16985;3;Классика;1;75;E27; ; ; ; ; ; ; ; ; ;1;75;75 Вт;E27;;;;;3,2;0,025;;;;;45;;;;;;;Бронза;;;;;;;;;;;;;;SvetBerry;z9-135opb;30
Настольные лампы ;V16-98grB;BERLINER MESSINGLAMPEN;ГЕРМАНИЯ;V16;Настольная лампа BERLINER MESSINGLAMPEN V16-98grB;21105;12;Классика;2;60;E27;220; ; ; ; ; ; ; ; ;2;120;60 Вт;E27;220;;;;4,1;0,076;;;;;55;;;;;;;Berliner Messing;;;;;;;;;;;;;;SvetBerry;v16-98grb;30
Настольные лампы ;W7-99grB;BERLINER MESSINGLAMPEN;ГЕРМАНИЯ;W7;Настольная лампа BERLINER MESSINGLAMPEN W7-99grB;14055;24;Современный;1;60;E27;220; ; ; ; ; ; ; ; ;1;60;60 Вт;E27;220;;;;4,3;0,064;;;;;50;;;;;;;Berliner Messing;;;;;;;;;;;;;;SvetBerry;w7-99grb;30
Настольные лампы ;Z1-100grB;BERLINER MESSINGLAMPEN;ГЕРМАНИЯ;Z1;Настольная лампа BERLINER MESSINGLAMPEN Z1-100grB;11875;16;Классика;1;75;E27;220; ; ; ; ; ; ; ; ;1;75;75 Вт;E27;220;;;;2,6;0,027;;;;;39;;;;;;;Berliner Messing;;;;;;;;;;;;;;SvetBerry;z1-100grb;30
Подсветки для картин ;A94B;BERLINER MESSINGLAMPEN;ГЕРМАНИЯ;A94B;Подсветка картин и зеркал BERLINER MESSINGLAMPEN A94B;7705;17;Современный;1;60;E14;220; ; ; ; ; ; ; ; ;1;60;60 Вт;E14;220;;;;;;;34;;20;;;;;;;;Berliner Messing;;;;;;;;;;;;;;SvetBerry;a94b;30
Подсветки для картин ;A99P;BERLINER MESSINGLAMPEN;ГЕРМАНИЯ;A99P;Подсветка картин и зеркал BERLINER MESSINGLAMPEN A99P;10915;7;Современный;1;60;E14;220; ; ; ; ; ; ; ; ;1;60;60 Вт;E14;220;;;;;;;34;;20;;;;;;;;Poliert;;;;;;;;;;;;;;SvetBerry;a99p;30
Торшеры напольные ;T5ST02-38opB;BERLINER MESSINGLAMPEN;ГЕРМАНИЯ;T5ST02;Торшер BERLINER MESSINGLAMPEN T5ST02-38opB;22724;0;Современный;1;60;E27;220; ; ; ; ; ; ; ; ;1;60;60 Вт;E27;220;;;;;;;;;;160;;;;;;;Berliner Messing;Opal glass;;;;;;;;;;;;;SvetBerry;t5st02-38opb;30
Торшеры напольные ;T3ST02-70opB;BERLINER MESSINGLAMPEN;ГЕРМАНИЯ;T3ST02;Торшер BERLINER MESSINGLAMPEN T3ST02-70opB;27230;1;Современный;1;60;E27; ; ; ; ; ; ; ; ; ;1;60;60 Вт;E27;;;;;17,9;0,18;;;;;160;;;;;;;Бронза;;;;;;;;;;;;;;SvetBerry;t3st02-70opb;30
Торшеры напольные ;T3T4ST02-70opB;BERLINER MESSINGLAMPEN;ГЕРМАНИЯ;T3T4ST02;Торшер BERLINER MESSINGLAMPEN T3T4ST02-70opB;35710;2;Современный;1;60;E27; ;1;100;E27; ; ; ; ; ;2;160;1x60Вт, 1x100Вт;E27;;;;;19;0,18;;;;;200;;;;;;;Бронза;;;;;;;;;;;;;;SvetBerry;t3t4st02-70opb;30
Торшеры напольные ;T3T4ST02-70opN;BERLINER MESSINGLAMPEN;ГЕРМАНИЯ;T3T4ST02;Торшер BERLINER MESSINGLAMPEN T3T4ST02-70opN;40870;1;Современный;1;60;E27; ;1;100;E27; ; ; ; ; ;2;160;1x60Вт, 1x100Вт;E27;;;;;;0,18;;;;;200;;;;;;;Серебро;;;;;;;;;;;;;;SvetBerry;t3t4st02-70opn;30
Торшеры напольные ;T5ST02-38opA;BERLINER MESSINGLAMPEN;ГЕРМАНИЯ;T5ST02;Торшер BERLINER MESSINGLAMPEN T5ST02-38opA;28105;1;Современный;1;60;E27; ; ; ; ; ; ; ; ; ;1;60;60 Вт;E27;;;;;16,8;0,18;;;;;160;;;;;;;Коричневый;;;;;;;;;;;;;;SvetBerry;t5st02-38opa;30
Торшеры напольные ;T5ST02-70opB;BERLINER MESSINGLAMPEN;ГЕРМАНИЯ;T5ST02;Торшер BERLINER MESSINGLAMPEN T5ST02-70opB;22308;0;Современный;1;60;E27; ; ; ; ; ; ; ; ; ;1;60;60 Вт;E27;;;;;17,1;0,18;;;;;160;;;;;;;Бронза;;;;;;;;;;;;;;SvetBerry;t5st02-70opb;30
Торшеры напольные ;T5T4ST02-38op+90opB;BERLINER MESSINGLAMPEN;ГЕРМАНИЯ;T5T4ST02;Торшер BERLINER MESSINGLAMPEN T5T4ST02-38op+90opB;38180;2;Современный;1;60;E27; ;1;100;E27; ; ; ; ; ;2;160;1x60Вт, 1x100Вт;E27;;;;;18,8;0,18;;;;;200;;;;;;;Бронза;;;;;;;;;;;;;;SvetBerry;t5t4st02-38op+90opb;30
Торшеры напольные ;T8ST02-50opA;BERLINER MESSINGLAMPEN;ГЕРМАНИЯ;T8ST02;Торшер BERLINER MESSINGLAMPEN T8ST02-50opA;29580;1;Современный;1;60;E27; ;1;100;E27; ; ; ; ; ;2;160;1x60Вт, 1x100Вт;E27;;;;;16,8;0,18;;;;;200;;;;;;;Бронза;;;;;;;;;;;;;;SvetBerry;t8st02-50opa;30
Торшеры напольные ;T8T4ST02-38op+90opB;BERLINER MESSINGLAMPEN;ГЕРМАНИЯ;T8T4ST02;Торшер BERLINER MESSINGLAMPEN T8T4ST02-38op+90opB;35607;0;Современный;1;60;E27; ;1;100;E27; ; ; ; ; ;2;160;1x60Вт, 1x100Вт;E27;;;;;18,8;0,18;;;;;200;;;;;;;Бронза;;;;;;;;;;;;;;SvetBerry;t8t4st02-38op+90opb;30
Бра настенные;a7-17grb;BERLINER MESSINGLAMPEN;ГЕРМАНИЯ;a7;Бра BERLINER MESSINGLAMPEN a7-17grb;6002;0;Классика;1;40;E27;;;;;;;;;;1;40;40 Вт;E27;;;;;;;;;;25;;;;;;20;;латунь;зеленый;;;;;;;;;;;;высота плафона 7 см;SvetBerry;a7-17grb;30
Бра настенные;a7-21opb;BERLINER MESSINGLAMPEN;ГЕРМАНИЯ;a7;Бра BERLINER MESSINGLAMPEN a7-21opb;5579;0;Классика;1;40;E27;;;;;;;;;;1;40;40 Вт;E27;;;;;;;;;;24;;;;;;19;;латунь;белый матовый;;;;;;;;;;;;высота плафона 8 см;SvetBerry;a7-21opb;30
Бра настенные;a7-36opb;BERLINER MESSINGLAMPEN;ГЕРМАНИЯ;a7;Бра BERLINER MESSINGLAMPEN a7-36opb;4979;0;Классика;1;40;E27;;;;;;;;;;1;40;40 Вт;E27;;;;;;;;;;22;;;;;;13;;латунь;белый матовый;;;;;;;;;;;;высота плафона 13 см;SvetBerry;a7-36opb;30
Бра настенные;a7-15op+p4b;BERLINER MESSINGLAMPEN;ГЕРМАНИЯ;a7;Бра BERLINER MESSINGLAMPEN a7-15op+p4b;7539;0;Классика;1;40;E27;;;;;;;;;;1;40;40 Вт;E27;;;;;;;;;;22,5;;;;;;15;;латунь;белый матовый;;;;;;;;;;;;высота плафона 8 см;SvetBerry;a7-65op+p11b;30
Бра настенные;a9-113gsa;BERLINER MESSINGLAMPEN;ГЕРМАНИЯ;a9;Бра BERLINER MESSINGLAMPEN a9-113gsa;7338;0;Классика;1;40;E27;;;;;;;;;;1;40;40 Вт;E27;;;;;;;;;;18;;;;;;12;;черный;прозрачный матовый;;;;;;;;;;;;высота плафона 16 см;SvetBerry;a9-113gsa;30
Бра настенные;a9-123opa;BERLINER MESSINGLAMPEN;ГЕРМАНИЯ;a9;Бра BERLINER MESSINGLAMPEN a9-123opa;9343;0;Классика;1;40;E27;;;;;;;;;;1;40;40 Вт;E27;;;;;;;;;;19;;;;;;14;;черный;белый матовый;;;;;;;;;;;;высота плафона 17 см;SvetBerry;a9-123opa;30
Бра настенные;a26-01opa;BERLINER MESSINGLAMPEN;ГЕРМАНИЯ;a26;Бра BERLINER MESSINGLAMPEN a26-01opa;7095;1;Классика;1;40;E27;;;;;;;;;;1;40;40 Вт;E27;;;;;;;;;;27;;;;;;14;шнуровой выключатель;черный;белый матовый;;;;;;;;;;;;высота плафона 11 см;SvetBerry;a26-01opa;30
Бра настенные;a26-17opa;BERLINER MESSINGLAMPEN;ГЕРМАНИЯ;a26;Бра BERLINER MESSINGLAMPEN a26-17opa;8170;0;Классика;1;40;E27;;;;;;;;;;1;40;40 Вт;E27;;;;;;;;;;30;;;;;;20;шнуровой выключатель;черный;белый матовый;;;;;;;;;;;;высота плафона 7 см;SvetBerry;a26-17opa;30
Бра настенные;a26-21opa;BERLINER MESSINGLAMPEN;ГЕРМАНИЯ;a26;Бра BERLINER MESSINGLAMPEN a26-21opa;8907;0;Классика;1;40;E27;;;;;;;;;;1;40;40 Вт;E27;;;;;;;;;;29,5;;;;;;19;шнуровой выключатель;черный;белый матовый;;;;;;;;;;;;высота плафона 8 см;SvetBerry;a26-21opa;30
Бра настенные;a26-36opa;BERLINER MESSINGLAMPEN;ГЕРМАНИЯ;a26;Бра BERLINER MESSINGLAMPEN a26-36opa;8307;0;Классика;1;40;E27;;;;;;;;;;1;40;40 Вт;E27;;;;;;;;;;26,5;;;;;;13;шнуровой выключатель;черный;белый матовый;;;;;;;;;;;;высота плафона 13 см;SvetBerry;a26-36opa;30
Бра настенные;a26-15op+p4a;BERLINER MESSINGLAMPEN;ГЕРМАНИЯ;a26;Бра BERLINER MESSINGLAMPEN a26-15op+p4a;10867;0;Классика;1;40;E27;;;;;;;;;;1;40;40 Вт;E27;;;;;;;;;;27,5;;;;;;15;шнуровой выключатель;черный;белый матовый;;;;;;;;;;;;высота плафона 8 см;SvetBerry;a26-65op+p11a;30
Бра настенные;a30-36opa;BERLINER MESSINGLAMPEN;ГЕРМАНИЯ;a30;Бра BERLINER MESSINGLAMPEN a30-36opa;6990;2;Классика;1;40;E27;;;;;;;;;;1;40;40 Вт;E27;;;;;;;;;;17;;;;;;13;шнуровой выключатель;черный;белый матовый;;;;;;;;;;;;высота плафона 13 см;SvetBerry;a30-36opa;30
Бра настенные;a34-113gsb;BERLINER MESSINGLAMPEN;ГЕРМАНИЯ;a34;Бра BERLINER MESSINGLAMPEN a34-113gsb;7338;0;Классика;1;40;E27;;;;;;;;;;1;40;40 Вт;E27;;;;;;;;;;20;;;;;;12;;латунь;прозрачный матовый;;;;;;;;;;;;высота плафона 16 см;SvetBerry;a34-113gsb;30
Бра настенные;a34-113gsc;BERLINER MESSINGLAMPEN;ГЕРМАНИЯ;a34;Бра BERLINER MESSINGLAMPEN a34-113gsc;7966;0;Классика;1;40;E27;;;;;;;;;;1;40;40 Вт;E27;;;;;;;;;;20;;;;;;12;;хром;прозрачный матовый;;;;;;;;;;;;высота плафона 16 см;SvetBerry;a34-113gsc;30
Бра настенные;a34-121opb;BERLINER MESSINGLAMPEN;ГЕРМАНИЯ;a34;Бра BERLINER MESSINGLAMPEN a34-121opb;7655;18;Классика;1;40;E27;;;;;;;;;;1;40;40 Вт;E27;;;;;;;;;;23;;;;;;17;;латунь;белый матовый;;;;;;;;;;;;высота плафона 14 см;SvetBerry;a34-121opb;30
Бра настенные;a34-121opc;BERLINER MESSINGLAMPEN;ГЕРМАНИЯ;a34;Бра BERLINER MESSINGLAMPEN a34-121opc;7632;0;Классика;1;40;E27;;;;;;;;;;1;40;40 Вт;E27;;;;;1,1;0,014;;;;23;;;;;;17;;хром;белый матовый;;;;;;;;;;;;высота плафона 14 см;SvetBerry;a34-121opc;30
Бра настенные;a34-123opc;BERLINER MESSINGLAMPEN;ГЕРМАНИЯ;a34;Бра BERLINER MESSINGLAMPEN a34-123opc;7550;0;Классика;1;40;E27;;;;;;;;;;1;40;40 Вт;E27;;;;;;;;;;21;;;;;;14;;хром;белый матовый;;;;;;;;;;;;высота плафона 17 см;SvetBerry;a34-123opc;30
Бра настенные;a80-22mab;BERLINER MESSINGLAMPEN;ГЕРМАНИЯ;a80;Бра BERLINER MESSINGLAMPEN a80-22mab;15290;0;Классика;1;60;E27;;;;;;;;;;1;60;60 Вт;E27;;;;;;;;;;43;;;;;;22;шнуровой выключатель;латунь;мраморный;;;;;;;;;;;;высота плафона 9 см, длина шнура 4,5 м;SvetBerry;a80-22mab;30
Бра настенные;a80-38opb;BERLINER MESSINGLAMPEN;ГЕРМАНИЯ;a80;Бра BERLINER MESSINGLAMPEN a80-38opb;14677;0;Классика;1;60;E27;;;;;;;;;;1;60;60 Вт;E27;;;;;;;;;;47;;;;;;30;шнуровой выключатель;латунь;белый матовый;;;;;;;;;;;;высота плафона 11 см,  длина шнура 4,5 м;SvetBerry;a80-38opb;30
Бра настенные;a80-70grb;BERLINER MESSINGLAMPEN;ГЕРМАНИЯ;a80;Бра BERLINER MESSINGLAMPEN a80-70grb;16122;0;Классика;1;60;E27;;;;;;;;;;1;60;60 Вт;E27;;;;;;;;;;47;;;;;;30;шнуровой выключатель;латунь;зеленый;;;;;;;;;;;;высота плафона 14 см, длина шнура 4,5 м;SvetBerry;a80-70grb;30
Бра настенные;a85-36opa;BERLINER MESSINGLAMPEN;ГЕРМАНИЯ;a85;Бра BERLINER MESSINGLAMPEN a85-36opa;5886;0;Классика;1;40;E27;;;;;;;;;;1;40;40 Вт;E27;;;;;;;;;;14,5;;;;;;13;;черный;белый матовый;;;;;;;;;;;;высота плафона 13 см;SvetBerry;a85-36opa;30
Бра настенные;a93-113gsb;BERLINER MESSINGLAMPEN;ГЕРМАНИЯ;a93;Бра BERLINER MESSINGLAMPEN a93-113gsb;12160;0;Классика;1;60;E27;;;;;;;;;;1;60;60 Вт;E27;;;;;;;;;;33;;;;;;12;;латунь;прозрачный матовый;;;;;;;;;;;;высота плафона 16 см;SvetBerry;a93-113gsb;30
Бра настенные;a93-120opb;BERLINER MESSINGLAMPEN;ГЕРМАНИЯ;a93;Бра BERLINER MESSINGLAMPEN a93-120opb;10845;1;Классика;1;60;E27;;;;;;;;;;1;60;60 Вт;E27;;;;;2,8;0,025;;;;37;;;;;;20;;латунь;белый матовый;;;;;;;;;;;;высота плафона 20 см;SvetBerry;a93-120opb;30
Бра настенные;a93-121opb;BERLINER MESSINGLAMPEN;ГЕРМАНИЯ;a93;Бра BERLINER MESSINGLAMPEN a93-121opb;11826;0;Классика;1;60;E27;;;;;;;;;;1;60;60 Вт;E27;;;;;;;;;;35,5;;;;;;17;;латунь;белый матовый;;;;;;;;;;;;высота плафона 14 см;SvetBerry;a93-121opb;30
Бра настенные;a93-123opb;BERLINER MESSINGLAMPEN;ГЕРМАНИЯ;a93;Бра BERLINER MESSINGLAMPEN a93-123opb;11744;0;Классика;1;60;E27;;;;;;;;;;1;60;60 Вт;E27;;;;;;;;;;34;;;;;;14;;латунь;белый матовый;;;;;;;;;;;;высота плафона 17 см;SvetBerry;a93-123opb;30
Бра настенные;ad142-121opb;BERLINER MESSINGLAMPEN;ГЕРМАНИЯ;ad142;Бра BERLINER MESSINGLAMPEN ad142-121opb;16723;0;Классика;2;40;E27;;;;;;;;;;2;80;40 Вт;E27;;;;;;;;;;27,5;;;;;;17;;латунь;белый матовый;;;;;;;;;;;;высота плафона 14 см;SvetBerry;ad142-121opb;30
Бра настенные;ad142-123opb;BERLINER MESSINGLAMPEN;ГЕРМАНИЯ;ad142;Бра BERLINER MESSINGLAMPEN ad142-123opb;18100;1;Классика;2;40;E27;;;;;;;;;;2;80;40 Вт;E27;;;;;;;;;;26;;;;;;14;;латунь;белый матовый;;;;;;;;;;;;высота плафона 17 см;SvetBerry;ad142-123opb;30
Бра настенные;ad142-170opb;BERLINER MESSINGLAMPEN;ГЕРМАНИЯ;ad142;Бра BERLINER MESSINGLAMPEN ad142-170opb;17582;0;Классика;2;40;E27;;;;;;;;;;2;80;40 Вт;E27;;;;;;;;;;26;;;;;;14;;латунь;белый матовый;;;;;;;;;;;;высота плафона 21 см;SvetBerry;ad142-170opb;30
Бра настенные;ad289-123opb;BERLINER MESSINGLAMPEN;ГЕРМАНИЯ;ad289;Бра BERLINER MESSINGLAMPEN ad289-123opb;53858;0;Классика;3;40;E27;;;;;;;;;;3;120;40 Вт;E27;;;;;;;;44;;37;86;;;;;14;;латунь;белый матовый;;;;;;;;;;;;высота плафона 17 см;SvetBerry;ad289-123opb;30
Бра настенные;ad289-170opb;BERLINER MESSINGLAMPEN;ГЕРМАНИЯ;ad289;Бра BERLINER MESSINGLAMPEN ad289-170opb;49345;4;Классика;3;40;E27;;;;;;;;;;3;120;40 Вт;E27;;;;;;;;44;;37;90;;;;;14;;латунь;белый матовый;;;;;;;;;;;;высота плафона 21 см;SvetBerry;ad289-170opb;30
Светильники>>Потолочные;d8-126crp;BERLINER MESSINGLAMPEN;ГЕРМАНИЯ;d8;Потолочный светильник BERLINER MESSINGLAMPEN d8-126crp;8510;9;Классика;1;40;E27;;;;;;;;;;1;40;40 Вт;E27;;;;;;;;;;;12;;;;;20;;золото;прозрачный с узором;;;;;;;;;;;;высота плафона 9 см;SvetBerry;d8-126crp;30
Люстры>>Подвесные;d15-121opa;BERLINER MESSINGLAMPEN;ГЕРМАНИЯ;d15;Подвесная люстра BERLINER MESSINGLAMPEN d15-121opa;27246;0;Классика;3;40;E27;;;;;;;;;;3;120;40 Вт;E27;;;;;;;;;57;;89;;;;;17;;черный;белый матовый;;;;;;;;;;;;высота плафона 14 см. Длина подвеса 50 см;SvetBerry;d15-121opa;30
Люстры>>Подвесные;d15-123opa;BERLINER MESSINGLAMPEN;ГЕРМАНИЯ;d15;Подвесная люстра BERLINER MESSINGLAMPEN d15-123opa;24945;5;Классика;3;40;E27;;;;;;;;;;3;120;40 Вт;E27;;;;;;;;;54;;92;;;;;14;;черный;белый матовый;;;;;;;;;;;;высота плафона 17 см. Длина подвеса 50 см;SvetBerry;d15-123opa;30
Люстры>>Подвесные;d15-170opa;BERLINER MESSINGLAMPEN;ГЕРМАНИЯ;d15;Подвесная люстра BERLINER MESSINGLAMPEN d15-170opa;28535;0;Классика;3;40;E27;;;;;;;;;;3;120;40 Вт;E27;;;;;;;;;54;;96;;;;;14;;черный;белый матовый;;;;;;;;;;;;высота плафона 21 см. Длина подвеса 50 см;SvetBerry;d15-170opa;30
Светильники>>Потолочные;d18-125opp;BERLINER MESSINGLAMPEN;ГЕРМАНИЯ;d18;Потолочный светильник BERLINER MESSINGLAMPEN d18-125opp;10515;1;Классика;1;60;E27;;;;;;;;;;1;60;60 Вт;E27;;;;;;;;;;;15;;;;;30;;золото;белый матовый;;;;;;;;;;;;высота плафона 12 см;SvetBerry;d18-125opp;30
Светильники>>Подвесные;d50-70grb;BERLINER MESSINGLAMPEN;ГЕРМАНИЯ;d50;Подвесной светильник BERLINER MESSINGLAMPEN d50-70grb;9187;0;Классика;1;100;E27;;;;;;;;;;1;100;100 Вт;E27;;;;;1,6;0,015;;;;;30;;;;;30;;латунь;зеленый;;;;;;;;;;;;высота плафона 14 см;SvetBerry;d50-70grb;30
Светильники>>Подвесные;d50-70opb;BERLINER MESSINGLAMPEN;ГЕРМАНИЯ;d50;Подвесной светильник BERLINER MESSINGLAMPEN d50-70opb;6855;10;Классика;1;100;E27;;;;;;;;;;1;100;100 Вт;E27;;;;;1,6;0,015;;;;;30;;;;;30;;латунь;белый матовый;;;;;;;;;;;;высота плафона 14 см;SvetBerry;d50-70opb;30
Светильники>>Подвесные;d50-70opc;BERLINER MESSINGLAMPEN;ГЕРМАНИЯ;d50;Подвесной светильник BERLINER MESSINGLAMPEN d50-70opc;9057;0;Классика;1;100;E27;;;;;;;;;;1;100;100 Вт;E27;;;;;1,6;0,015;;;;;30;;;;;30;;хром;белый матовый;;;;;;;;;;;;высота плафона 14 см;SvetBerry;d50-70opc;30
Светильники>>Подвесные;d50-90mab;BERLINER MESSINGLAMPEN;ГЕРМАНИЯ;d50;Подвесной светильник BERLINER MESSINGLAMPEN d50-90mab;11751;0;Классика;1;100;E27;;;;;;;;;;1;100;100 Вт;E27;;;;;;;;;;;30;;;;;35;;латунь;мраморный;;;;;;;;;;;;высота плафона 14 см;SvetBerry;d50-90mab;30
Светильники>>Подвесные;d50-90opb;BERLINER MESSINGLAMPEN;ГЕРМАНИЯ;d50;Подвесной светильник BERLINER MESSINGLAMPEN d50-90opb;10090;9;Классика;1;100;E27;;;;;;;;;;1;100;100 Вт;E27;;;;;;;;;;;30;;;;;35;;латунь;белый матовый;;;;;;;;;;;;высота плафона 14 см;SvetBerry;d50-90opb;30
Светильники>>Потолочные;d60-113gsb;BERLINER MESSINGLAMPEN;ГЕРМАНИЯ;d60;Потолочный светильник BERLINER MESSINGLAMPEN d60-113gsb;6431;0;Классика;1;60;E27;;;;;;;;;;1;60;60 Вт;E27;;;;;;;;;;;20;;;;;13;;латунь;прозрачный матовый;;;;;;;;;;;;высота плафона 16 см;SvetBerry;d60-113gsb;30
Светильники>>Потолочные;d60-115opb;BERLINER MESSINGLAMPEN;ГЕРМАНИЯ;d60;Потолочный светильник BERLINER MESSINGLAMPEN d60-115opb;4890;26;Классика;1;60;E27;;;;;;;;;;1;60;60 Вт;E27;;;;;1,1;0,014;;;;;19;;;;;15;;латунь;белый матовый;;;;;;;;;;;;высота плафона 15 см;SvetBerry;d60-115opb;30
Светильники>>Потолочные;d60-121opb;BERLINER MESSINGLAMPEN;ГЕРМАНИЯ;d60;Потолочный светильник BERLINER MESSINGLAMPEN d60-121opb;5530;2;Классика;1;60;E27;;;;;;;;;;1;60;60 Вт;E27;;;;;;;;;;;20;;;;;17;;латунь;белый матовый;;;;;;;;;;;;высота плафона 14 см;SvetBerry;d60-121opb;30
Светильники>>Потолочные;d60-123opb;BERLINER MESSINGLAMPEN;ГЕРМАНИЯ;d60;Потолочный светильник BERLINER MESSINGLAMPEN d60-123opb;6015;0;Классика;1;60;E27;;;;;;;;;;1;60;60 Вт;E27;;;;;;;;;;;23;;;;;14;;латунь;белый матовый;;;;;;;;;;;;высота плафона 17 см;SvetBerry;d60-123opb;30
Светильники>>Подвесные;d77-90maa;BERLINER MESSINGLAMPEN;ГЕРМАНИЯ;d77;Подвесной светильник BERLINER MESSINGLAMPEN d77-90maa;13770;0;Классика;2;100;E27;;;;;;;;;;2;200;100 Вт;E27;;;;;;;;;;;40;;;;;35;;черный;мраморный;;;;;;;;;;;;высота плафона 14 см;SvetBerry;d77-90maa;30
Светильники>>Подвесные;d77-90opa;BERLINER MESSINGLAMPEN;ГЕРМАНИЯ;d77;Подвесной светильник BERLINER MESSINGLAMPEN d77-90opa;10898;0;Классика;2;100;E27;;;;;;;;;;2;200;100 Вт;E27;;;;;;;;;;;40;;;;;35;;черный;белый матовый;;;;;;;;;;;;высота плафона 14 см;SvetBerry;d77-90opa;30
Светильники>>Подвесные;ei04-70opa;BERLINER MESSINGLAMPEN;ГЕРМАНИЯ;ei04;Подвесной светильник BERLINER MESSINGLAMPEN ei04-70opa;13722;0;Классика;1;60;E27;;;;;;;;;;1;60;60 Вт;E27;;;;;;;;;;;19;;;;;30;регулировка по высоте;черный;белый матовый;;;;;;;;;;;;высота плафона 14 см. Длина шнура подвеса 5м. Есть возможность регулировки по высоте с помощью противовеса;SvetBerry;ei04-70opa;30
Светильники>>Подвесные;ei04-90opa;BERLINER MESSINGLAMPEN;ГЕРМАНИЯ;ei04;Подвесной светильник BERLINER MESSINGLAMPEN ei04-90opa;15277;0;Классика;1;60;E27;;;;;;;;;;1;60;60 Вт;E27;;;;;;;;;;;19;;;;;35;регулировка по высоте;черный;белый матовый;;;;;;;;;;;;высота плафона 14 см. Длина шнура подвеса 5м. Есть возможность регулировки по высоте с помощью противовеса;SvetBerry;ei04-90opa;30
Светильники>>Потолочные;ps11-120opb;BERLINER MESSINGLAMPEN;ГЕРМАНИЯ;ps11;Потолочный светильник BERLINER MESSINGLAMPEN ps11-120opb;4508;0;Классика;1;40;E27;;;;;;;;;;1;40;40 Вт;E27;;;;;;;;;;;27;;;;;20;;латунь;белый матовый;;;;;;;;;;;;высота плафона 20 см;SvetBerry;ps07-120opb;30
Светильники>>Потолочные;ps11-113gsb;BERLINER MESSINGLAMPEN;ГЕРМАНИЯ;ps11;Потолочный светильник BERLINER MESSINGLAMPEN ps11-113gsb;5900;2;Классика;1;40;E27;;;;;;;;;;1;40;40 Вт;E27;;;;;;;;;;;24;;;;;12;;латунь;прозрачный матовый;;;;;;;;;;;;высота плафона 16 см;SvetBerry;ps11-113gsb;30
Светильники>>Потолочные;ps11-121opb;BERLINER MESSINGLAMPEN;ГЕРМАНИЯ;ps11;Потолочный светильник BERLINER MESSINGLAMPEN ps11-121opb;5026;0;Классика;1;40;E27;;;;;;;;;;1;40;40 Вт;E27;;;;;;;;;;;23;;;;;17;;латунь;белый матовый;;;;;;;;;;;;высота плафона 14 см;SvetBerry;ps11-121opb;30
Светильники>>Подвесные;ps18-126cra;BERLINER MESSINGLAMPEN;ГЕРМАНИЯ;ps18;Подвесной светильник BERLINER MESSINGLAMPEN ps18-126cra;10025;0;Классика;1;75;E27;;;;;;;;;;1;75;75 Вт;E27;;;;;;;;;;;73;;;;;20;;черный;прозрачный с узором;;;;;;;;;;;;высота плафона 9 см. Длина подвеса 50 см;SvetBerry;ps18-100opa;30
Светильники>>Подвесные;ps18-126crb;BERLINER MESSINGLAMPEN;ГЕРМАНИЯ;ps18;Подвесной светильник BERLINER MESSINGLAMPEN ps18-126crb;10025;0;Классика;1;75;E27;;;;;;;;;;1;75;75 Вт;E27;;;;;;;;;;;73;;;;;20;;латунь;прозрачный с узором;;;;;;;;;;;;высота плафона 9 см. Длина подвеса 50 см;SvetBerry;ps18-100opb;30
Светильники>>Подвесные;ps18-129opb;BERLINER MESSINGLAMPEN;ГЕРМАНИЯ;ps18;Подвесной светильник BERLINER MESSINGLAMPEN ps18-129opb;9740;2;Классика;1;75;E27;;;;;;;;;;1;75;75 Вт;E27;;;;;;;;;;;75;;;;;18;;латунь;белый матовый;;;;;;;;;;;;высота плафона 12 см. Длина подвеса 50 см;SvetBerry;ps18-129opb;30
Светильники>>Подвесные;ps18-139opa;BERLINER MESSINGLAMPEN;ГЕРМАНИЯ;ps18;Подвесной светильник BERLINER MESSINGLAMPEN ps18-139opa;10025;0;Классика;1;75;E27;;;;;;;;;;1;75;75 Вт;E27;;;;;;;;;;;100;;;;;35;;черный;белый матовый;;;;;;;;;;;;высота плафона 35 см. Длина подвеса 50 см;SvetBerry;ps18-139opa;30
Светильники>>Подвесные;ps49-145ops+146opsb;BERLINER MESSINGLAMPEN;ГЕРМАНИЯ;ps49;Подвесной светильник BERLINER MESSINGLAMPEN ps49-145ops+146opsb;15625;1;Классика;1;100;E27;;;;;;;;;;1;100;100 Вт;E27;;;;;;;;;24;;;104;93;;;;;латунь;белый матовый;;;;;;;;;;;;;SvetBerry;ps49-145ops+146opsb;30
Светильники>>Подвесные;ps53-01opb;BERLINER MESSINGLAMPEN;ГЕРМАНИЯ;ps53;Подвесной светильник BERLINER MESSINGLAMPEN ps53-01opb;5238;0;Классика;1;60;E27;;;;;;;;;;1;60;60 Вт;E27;;;;;;;;;;;69;;;;;14;;латунь;белый матовый;;;;;;;;;;;;высота плафона 11 см. Длина подвеса 50 см;SvetBerry;ps53-01opb;30
Светильники>>Подвесные;ps53-17opb;BERLINER MESSINGLAMPEN;ГЕРМАНИЯ;ps53;Подвесной светильник BERLINER MESSINGLAMPEN ps53-17opb;5367;0;Классика;1;60;E27;;;;;;;;;;1;60;60 Вт;E27;;;;;;;;;;;65;;;;;20;;латунь;белый матовый;;;;;;;;;;;;высота плафона 7 см. Длина подвеса 50 см;SvetBerry;ps53-17opb;30
Светильники>>Подвесные;ps53-22mab;BERLINER MESSINGLAMPEN;ГЕРМАНИЯ;ps53;Подвесной светильник BERLINER MESSINGLAMPEN ps53-22mab;7570;0;Классика;1;60;E27;;;;;;;;;;1;60;60 Вт;E27;;;;;;;;;;;67;;;;;22;;латунь;мраморный;;;;;;;;;;;;высота плафона 9 см. Длина подвеса 50 см;SvetBerry;ps53-22mab;30
Светильники>>Подвесные;ps53-36opb;BERLINER MESSINGLAMPEN;ГЕРМАНИЯ;ps53;Подвесной светильник BERLINER MESSINGLAMPEN ps53-36opb;5504;0;Классика;1;60;E27;;;;;;;;;;1;60;60 Вт;E27;;;;;;;;;;;71;;;;;13;;латунь;белый матовый;;;;;;;;;;;;высота плафона 13 см. Длина подвеса 50 см;SvetBerry;ps53-36opb;30
Светильники>>Подвесные;ps53-38opb;BERLINER MESSINGLAMPEN;ГЕРМАНИЯ;ps53;Подвесной светильник BERLINER MESSINGLAMPEN ps53-38opb;6956;0;Классика;1;60;E27;;;;;;;;;;1;60;60 Вт;E27;;;;;;;;;;;69;;;;;30;;латунь;белый матовый;;;;;;;;;;;;высота плафона 11 см. Длина подвеса 50 см;SvetBerry;ps53-38opb;30
Светильники>>Подвесные;ps53-15op+p4b;BERLINER MESSINGLAMPEN;ГЕРМАНИЯ;ps53;Подвесной светильник BERLINER MESSINGLAMPEN ps53-15op+p4b;13070;1;Классика;1;60;E27;;;;;;;;;;1;60;60 Вт;E27;;;;;;;;;;;76;;;;;15;;латунь;белый матовый;;;;;;;;;;;;высота плафона 8 см. Длина подвеса 50 см;SvetBerry;ps53-15op+p4b;30
Светильники>>Подвесные;ps53-70grb;BERLINER MESSINGLAMPEN;ГЕРМАНИЯ;ps53;Подвесной светильник BERLINER MESSINGLAMPEN ps53-70grb;8402;0;Классика;1;60;E27;;;;;;;;;;1;60;60 Вт;E27;;;;;;;;;;;72;;;;;30;;латунь;зеленый;;;;;;;;;;;;высота плафона 14 см. Длина подвеса 50 см;SvetBerry;ps53-70grb;30
Светильники>>Подвесные;ps53-70opb;BERLINER MESSINGLAMPEN;ГЕРМАНИЯ;ps53;Подвесной светильник BERLINER MESSINGLAMPEN ps53-70opb;6540;0;Классика;1;60;E27;;;;;;;;;;1;60;60 Вт;E27;;;;;;;;;;;72;;;;;30;;латунь;белый матовый;;;;;;;;;;;;высота плафона 14 см. Длина подвеса 50 см;SvetBerry;ps53-70opb;30
Настольные лампы;v23-25grb;BERLINER MESSINGLAMPEN;ГЕРМАНИЯ;v23;Настольная лампа BERLINER MESSINGLAMPEN v23-25grb;8120;2;Классика;1;60;E27;;;;;;;;;;1;60;60 Вт;E27;;;;;;;;;;;42;;;;;25;;латунь;зеленый;;;;;;;;;;;;высота плафона 12 см;SvetBerry;v23-25grb;30
Бра настенные;a9-121opa;BERLINER MESSINGLAMPEN;ГЕРМАНИЯ;a9;Бра BERLINER MESSINGLAMPEN a9-121opa;7004;0;Классика;1;40;E27;;;;;;;;;;1;40;40 Вт;E27;;;;;;;;;;20,5;;;;;;17;;черный;белый матовый;;;;;;;;;;;;высота плафона 14 см;SvetBerry;a9-121opa;30
Бра настенные;A2-11opB;BERLINER MESSINGLAMPEN;ГЕРМАНИЯ;a2;Бра BERLINER MESSINGLAMPEN A2-11opB;7175;4;Классика;1;40;E27;;;;;;;;;;1;40;40 Вт;E27;;;;;;;;;;30;;;;;;16;шнуровой выключатель;бронза;белый матовый;металл;стекло;;;;;;;;;;высота плафона 8 см;SvetBerry;8152152505;30
Бра настенные;A7-17opB;BERLINER MESSINGLAMPEN;ГЕРМАНИЯ;a7;Бра BERLINER MESSINGLAMPEN A7-17opB;5290;3;Классика;1;40;E27;;;;;;;;;;1;40;40 Вт;E27;;;;;;;;;;25;;;;;;20;;никель;белый матовый;металл;стекло;;;;;;;;;;высота плафона 7 см;SvetBerry;A7-17opB;30
Бра настенные;A10-22opB;BERLINER MESSINGLAMPEN;ГЕРМАНИЯ;a10;Бра BERLINER MESSINGLAMPEN A10-22opB;7655;2;Классика;1;40;E27;;;;;;;;;;1;40;40 Вт;E27;;;;;;;;;;23;;;;;;22;шнуровой выключатель;бронза;белый матовый;металл;стекло;;;;;;;;;;высота плафона 9 см;SvetBerry;A10-22opB;30
Светильники>>Настенные;A80-22opB;BERLINER MESSINGLAMPEN;ГЕРМАНИЯ;a80;Настенный светильник BERLINER MESSINGLAMPEN A80-22opB;13350;4;Классика;1;60;E27;;;;;;;;;;1;60;60 Вт;E27;;;;;;;;;;43;;;;;;22;шнуровой выключатель;бронза;белый матовый;металл;стекло;;;;;;;;;;высота плафона 9 см;SvetBerry;A80-22opB;30
Светильники>>Потолочные;PS07-03aeB;BERLINER MESSINGLAMPEN;ГЕРМАНИЯ;ps07;Потолочный светильник BERLINER MESSINGLAMPEN PS07-03aeB;4435;2;Классика;1;60;E27;;;;;;;;;;1;60;60 Вт;E27;;;;;;;;;15;;18;;;;;;;бронза;прозрачный;металл;стекло;;;;;;;;;;;SvetBerry;PS07-03aeB;30
