804;L'ARTE LUCE;ИТАЛИЯ;NAPOLI;L13823.03;Бра Napoli кованое;Бра Napoli;Светильники НАСТЕННЫЕ;L13823.03;1;шт;Бра;3;E14;60;Трёхрожковое бра Napoli. Плафоны выполнены из стекла в виде оплывающей свечи.;ковка;220;;;;;;;;;46;;;27,7;;;;;13.5;;;;;;Antique white glass;;;;;;;;;4914;48;Светильники НАСТЕННЫЕ ковка
872;L'ARTE LUCE;ИТАЛИЯ;MODENA;L14523.27;Бра Modena кованое;Бра Modena;Светильники НАСТЕННЫЕ;L14523.27;1;шт;Бра;3;Е27;60;Трёхрожковое бра Modena.;ковка;220;;;;;;;;;43,8;;;44,1;;;;;15,2;;;;;;;;;;;;;;;7245;19;Светильники НАСТЕННЫЕ ковка
1298;L'ARTE LUCE;ИТАЛИЯ;VICENZA;L55523.41;Бра Vicenza кованое;Бра Vicenza;Светильники НАСТЕННЫЕ;L55523.41;1;шт;Бра;3;E14;60;Бра Vicenza, 3-х рожковое.;ковка;;;;;;;;;;53;;;43;;;;;12;;;;;;;Sand golden;;;;;;;;6501;60;Светильники НАСТЕННЫЕ ковка
512;LEDS C4;ИСПАНИЯ;CARLA;8150713106;Бра Carla Тиффани;Бра Carla;Светильники НАСТЕННЫЕ;05-2376-Y2-AE;1;шт;Бра;3;G9;60;Трёхрожковое бра Carla. Широко представленная серия  в стиле тиффани.;тиффани;220;;;;;;;;;8;;;;;;;;14;;;;;;Tiffany glass;Old brown;;;;;;;;7772;13;Светильники НАСТЕННЫЕ тиффани
554;LEDS C4;ИСПАНИЯ;XENIA;8150731003;Бра Xenia;Бра Xenia;Светильники НАСТЕННЫЕ;05-0579-Y2-E7;1;шт;Бра;3;G9;60;Трёхрожковое бра Xenia. Популярная серия. Плафоны оригинальной кубической формы, из стекла, обсыпанного изнутри крошкой. Арматура под венге с кожанными вставками.;модерн;220;;;;;;;;;46;;;14,5;;;;;11,5;;;;;;Ambar glass;Old brown;;;;;;;;7790;70;Светильники НАСТЕННЫЕ модерн
1040;MIRADA DE CRISTAL;ИСПАНИЯ;ALICANTE;55020/3/01;Бра Alicante хрустальное;Бра Alicante;Светильники НАСТЕННЫЕ;55020/3/01;1;шт;Бра;3;E14;40;Хрустальная тройная бра Alicante, арматура с гальваническим золочением (24К Gold) или хромированием. Хрусталь Asfour crystal.;хрусталь;220;;;;;;;;;;;;35;;;;;16;;;31;;;;Chrome;;;;;Asfour crystal;;;5208;0;Светильники НАСТЕННЫЕ хрусталь
1041;MIRADA DE CRISTAL;ИСПАНИЯ;ALICANTE;55020/3/24;Бра Alicante хрустальное;Бра Alicante;Светильники НАСТЕННЫЕ;55020/3/24;1;шт;Бра;3;E14;40;Хрустальная тройная бра Alicante, арматура с гальваническим золочением (24К Gold) или хромированием. Хрусталь Asfour crystal.;хрусталь;220;;;;;;;;;;;;35;;;;;16;;;31;;;;Gold;;;;;Asfour crystal;;;5627;5;Светильники НАСТЕННЫЕ хрусталь
19901;L'ARTE LUCE;ИТАЛИЯ;CUPOLA;L16123.16;Бра Cupola настенное;Бра Cupola;Светильники НАСТЕННЫЕ;L16123.16;1;шт;Бра;3;E14;60;Бра Cupola, 3-х рожковое.;модерн;;;;;;;;;;48;;;54,7;;;;;24,5;;;;;;;Shiny umber+shiny red copper foil;;;;;;;;4827;29;Светильники НАСТЕННЫЕ модерн
802;L'ARTE LUCE;ИТАЛИЯ;NAPOLI;L13821.03;Бра Napoli;Бра Napoli;Светильники НАСТЕННЫЕ;L13821.03;1;шт;Бра;1;E14;60;Однорожковое бра Napoli. Плафоны выполнены из стекла в виде оплывающей свечи.;ковка;220;;;;;;;;;13;;;37;;;;;13;;;;;;;;;;;;;;;2142;91;Светильники НАСТЕННЫЕ ковка
831;L'ARTE LUCE;ИТАЛИЯ;VARESE;L14028.01;Бра Varese;Бра Varese;Светильники НАСТЕННЫЕ;L14028.01;1;шт;Бра;1;E14;60;Однорожковое бра Varese.;ковка;220;;;;;;;;;15;;;29;;;;;18;;;;;;;;;;;;;;;1572;34;Светильники НАСТЕННЫЕ ковка
857;L'ARTE LUCE;ИТАЛИЯ;PERUGIA;L14221.07;Бра Perugia однорожковое;Бра Perugia;Светильники НАСТЕННЫЕ;L14221.07;1;шт;Бра;1;E14;40;Однорожковое бра Perugia.;ковка;220;;;;;;;;;22;;;30;;;;;17;;;;;;;;;;;;;;;1133;94;Светильники НАСТЕННЫЕ ковка
871;L'ARTE LUCE;ИТАЛИЯ;MODENA;L14521.27;Бра Modena кованое;Бра Modena;Светильники НАСТЕННЫЕ;L14521.27;1;шт;Бра;1;Е27;60;Однорожковое бра Modena.;ковка;220;;;;;;;;;13,9;;;28,6;;;;;16,3;;;;;;;;;;;;;;;2000;89;Светильники НАСТЕННЫЕ ковка
875;L'ARTE LUCE;ИТАЛИЯ;BARI;L16021.01;Бра Bari кованое;Бра Bari;Светильники НАСТЕННЫЕ;L16021.01;1;шт;Бра;1;E14;60;Однорожковое бра Bari.;ковка;220;;;;;;;;;13,7;;;43,1;;;;;10,5;;;;;;;;;;;;;;;3810;0;Светильники НАСТЕННЫЕ ковка
882;L'ARTE LUCE;ИТАЛИЯ;TERAMO;L16921.04;Бра Teramo кованое;Бра Teramo;Светильники НАСТЕННЫЕ;L16921.04;1;шт;Бра;1;E14;60;Однорожковое бра Teramo.;ковка;220;;;;;;;;;12;;;43;;;;;18;;;;;;;;;;;;;;;3066;72;Светильники НАСТЕННЫЕ ковка
887;L'ARTE LUCE;ИТАЛИЯ;RIMINI;L17121.03;Бра Rimini кованое;Бра Rimini;Светильники НАСТЕННЫЕ;L17121.03;1;шт;Бра;1;;60;Однорожковое бра Rimini. Плафоны выполнены из стекла в виде оплывающей свечи.;ковка;220;;;;;;;;;18;;;20;;;;;12;;;;;;;;;;;;;;;395;0;Светильники НАСТЕННЫЕ ковка
1260;L'ARTE LUCE;ИТАЛИЯ;APRILLA;L19521.40;Бра Aprilla;Бра Aprilla;Светильники НАСТЕННЫЕ;L19521.40;1;шт;Бра;1;E14;60;Бра Aprilla, однорожковое.;флористика;;;;;;;;;;16;;;22;;;;;12;;;;;;;Wooden veins white+Gold wooden;;;;;;;;1866;2;Светильники НАСТЕННЫЕ флористика
1263;L'ARTE LUCE;ИТАЛИЯ;BENEVENTO;L15821.35;Бра Benevento;Бра Benevento;Светильники НАСТЕННЫЕ;L15821.35;1;шт;Бра;1;E14;60;Бра Benevento, однорожковое.;флористика;;;;;;;;;;18;;;38;;;;;16;;;;;;;Wooden veins white+Gold wooden;;;;;;;;1680;22;Светильники НАСТЕННЫЕ флористика
1264;L'ARTE LUCE;ИТАЛИЯ;BENEVENTO;L15828.35;Бра Benevento настенное;Бра Benevento;Светильники НАСТЕННЫЕ;L15828.35;1;шт;Бра;1;E14;60;Бра Benevento, однорожковое.;флористика;;;;;;;;;;18;;;38;;;;;16;;;;;;;Wooden veins white+Gold wooden;;;;;;;;2427;19;Светильники НАСТЕННЫЕ флористика
1274;L'ARTE LUCE;ИТАЛИЯ;BOZEN;L12321.36;Бра Bozen кованое;Бра Bozen;Светильники НАСТЕННЫЕ;L12321.36;1;шт;Бра;1;E14;60;Бра Bozen, однорожковое.;ковка;;;;;;;;;;16;;;36;;;;;13;;;;;;Amber graduation glass;FRIC;;;;;;;;2511;25;Светильники НАСТЕННЫЕ ковка
1297;L'ARTE LUCE;ИТАЛИЯ;VICENZA;L55521.41;Бра Vicenza;Бра Vicenza;Светильники НАСТЕННЫЕ;L55521.41;1;шт;Бра;1;E14;60;Бра Vicenza, однорожковое.;ковка;;;;;;;;;;13;;;41;;;;;12;;;;;;;Sand golden;;;;;;;;2864;149;Светильники НАСТЕННЫЕ ковка
1305;L'ARTE LUCE;ИТАЛИЯ;MALPENSA;L77721.42;Бра Malpensa настенное;Бра Malpensa;Светильники НАСТЕННЫЕ;L77721.42;1;шт;Бра;1;E27;60;Бра Malpensa, однорожковое.;классика;;;;;;;;;;16;;;49;;;;;23;;;;;;DGN;Amber sunset glass;;;;;;;;2871;1;Светильники НАСТЕННЫЕ классика
822;JOALPA;ИСПАНИЯ;POPA;8152404302;Бра Popa кованое;Бра Popa;Светильники НАСТЕННЫЕ;A-2078/1 С-25-10;1;шт;Бра;1;E14;40;Однорожковое бра Popa. Выполнена под старину. Плафон из стекла с элементами фигурной резьбы. Хрустальные подвески. Вставки из патинированного золота.;ковка;220;;;;;;;;;10;;;36;;;;;22;;;;;;Transparent;Marron oxido/Oro viejo;;;;;;;;3499;0;Светильники НАСТЕННЫЕ ковка
845;JOALPA;ИСПАНИЯ;TERRA;8152406303;Бра Terra кованое;Бра Terra;Светильники НАСТЕННЫЕ;A-TERRA-P С-25;1;шт;Бра;1;Е27;100;Бра Terra. Выполнена в стиле средневекового замка. Самая продаваемая серия.;ковка;220;;;;;;;;;15;;;47;;;;;19;;;;;;;Marron oxido;;;;;;;;9258;0;Светильники НАСТЕННЫЕ ковка
846;JOALPA;ИСПАНИЯ;TERRA;8152406309;Бра Terra кованое;Бра Terra;Светильники НАСТЕННЫЕ;A-TERRA-P С-10;1;шт;Бра;1;Е27;100;Бра Terra. Выполнена в стиле средневекового замка. Самая продаваемая серия.;ковка;220;;;;;;;;;15;;;47;;;;;19;;;;;;;Oro viejo;;;;;;;;9258;0;Светильники НАСТЕННЫЕ ковка
775;L'ARTE LUCE;ИТАЛИЯ;LUXO;L17221.23;Бра Luxo;Бра Luxo;Светильники НАСТЕННЫЕ;L17221.23;1;шт;Бра;1;Е27;60;Бра Luxo.;модерн;220;;;;;;;;;45;;;12,5;;;;;22,5;;;;;;;;;;;;;;;3990;20;Светильники НАСТЕННЫЕ модерн
781;L'ARTE LUCE;ИТАЛИЯ;LUXO;L17230.55;Бра Luxo;Бра Luxo;Светильники НАСТЕННЫЕ;L17230.55;1;шт;Бра;1;Е27;60;Бра Luxo.;модерн;220;;;;;;;;;;;;21;;;;;23;;;;;;;;;;;;;;;2465;1;Светильники НАСТЕННЫЕ модерн
792;L'ARTE LUCE;ИТАЛИЯ;HABANA;L91521.26;Бра Habana;Бра Habana;Светильники НАСТЕННЫЕ;L91521.26;1;шт;Бра;1;Е27;60;Бра Habana. Абажур изготовлен из тростника.;модерн;220;;;;;;;;;;;;20;;;;;15;;;;;;;;;;;;;;;2009;2;Светильники НАСТЕННЫЕ модерн
496;LEDS C4;ИСПАНИЯ;ARTI;81507034002;Бра Arti прикроватное;Бра Arti;Светильники НАСТЕННЫЕ;05-0542-Y2-20;1;шт;Бра;1;E14;60;Бра Arti. Эта серия является одной из самых популярных . В ассортименте имеются люстры, бра, торшеры, настольные лампы. Арматура покрашена под венге. Тканевый плафон.;модерн;220;;;;;;;;;17;;;23,5;;;;;22;;;;;;;Old brown;;;;;;;;3444;2;Светильники НАСТЕННЫЕ модерн
497;LEDS C4;ИСПАНИЯ;ARTI;81507034003;Бра Arti прикроватное;Бра Arti;Светильники НАСТЕННЫЕ;05-0543-Y2-20;1;шт;Бра;1;E14;60;Бра поворотная Arti. Эта серия является одной из самых популярных . В ассортименте имеются люстры, бра, торшеры, настольные лампы. Арматура покрашена под венге. Тканевый плафон.;модерн;220;;;;;;;;;20;;;35;;;;;37;;;;;;;Old brown;;;;;;;;4451;16;Светильники НАСТЕННЫЕ модерн
498;LEDS C4;ИСПАНИЯ;ARTI;81507034004;Бра Arti прикроватное;Бра Arti;Светильники НАСТЕННЫЕ;05-0544-Y2-20;1;шт;Бра;1;E14;60;Бра поворотная, выдвигающаяся Arti. Эта серия является одной из самых популярных . В ассортименте имеются люстры, бра, торшеры, настольные лампы. Арматура покрашена под венге. Тканевый плафон.;модерн;220;;;;;;;;;20;;;36;;;;;46;;;;;;;Old brown;;;;;;;;4981;0;Светильники НАСТЕННЫЕ модерн
510;LEDS C4;ИСПАНИЯ;CARLA;8150713104;Бра Carla Тиффани;Бра Carla;Светильники НАСТЕННЫЕ;05-2374-Y2-AE;1;шт;Бра;1;G9;60;Однорожковое бра Carla. Широко представленная серия  в стиле тиффани.;тиффани;220;;;;;;;;;8;;;;;;;;14;;;;;;Tiffany glass;Old brown;;;;;;;;2915;0;Светильники НАСТЕННЫЕ тиффани
519;LEDS C4;ИСПАНИЯ;CARLA;8150713114;Бра Carla Тиффани;Бра Carla;Светильники НАСТЕННЫЕ;05-2374-N3-AE;1;шт;Бра;1;G9;60;Однорожковое бра Carla. Широко представленная серия  в стиле тиффани.;тиффани;220;;;;;;;;;8;;;;;;;;14;;;;;;Tiffany glass;Grey texture;;;;;;;;2657;0;Светильники НАСТЕННЫЕ тиффани
530;LEDS C4;ИСПАНИЯ;FUSTA;8150703606;Бра Fusta;Бра Fusta;Светильники НАСТЕННЫЕ;05-2381-21-20;1;шт;Бра;1;E14;60;Бра Fusta. Покрытие - высококачественная гальваника. Деревянные вставки венге. Вся серия оснащена диммерами.;современный;220;;;;;;;;;20;;;34;;;;;19;;;;;;;Chrome and wenge wood;;;;;;;;5005;29;Светильники НАСТЕННЫЕ современный
533;LEDS C4;ИСПАНИЯ;FUSTA;81507037901;Бра Fusta;Бра Fusta;Светильники НАСТЕННЫЕ;05-2380-21-20;1;шт;Бра;1;E14;60;Бра Fusta. Покрытие - высококачественная гальваника. Деревянные вставки венге. Вся серия оснащена диммерами.;современный;220;;;;;;;;;16;;;25;;;;;17;;;;;;;Chrome and wenge wood;;;;;;;;4710;2;Светильники НАСТЕННЫЕ современный
549;LEDS C4;ИСПАНИЯ;XENIA;81507035602;Бра Xenia настенное;Бра Xenia;Светильники НАСТЕННЫЕ;05-0575-Y2-E7;1;шт;Бра;1;E14;60;Однорожковое бра Xenia. Популярная серия. Плафон оригинальной кубической формы, из стекла, обсыпанного изнутри крошкой. Арматура под венге с кожанными вставками.;модерн;220;;;;;;;;;16;;;21;;;;;12,5;;;;;;Ambar glass;Old brown;;;;;;;;2915;4;Светильники НАСТЕННЫЕ модерн
552;LEDS C4;ИСПАНИЯ;XENIA;8150731001;Бра Xenia настенное;Бра Xenia;Светильники НАСТЕННЫЕ;05-0577-Y2-E7;1;шт;Бра;1;G9;60;Однорожковое бра Xenia. Популярная серия. Плафон оригинальной кубической формы, из стекла, обсыпанного изнутри крошкой. Арматура под венге с кожанными вставками.;модерн;220;;;;;;;;;8,5;;;14,5;;;;;11,5;;;;;;Ambar glass;Old brown;;;;;;;;3127;43;Светильники НАСТЕННЫЕ модерн
603;LEDS C4;ИСПАНИЯ;SABANA;81507033001;Бра Sabana;Бра Sabana;Светильники НАСТЕННЫЕ;05-2317-S4-E7;1;шт;Бра;1;E14;60;Однорожковое бра Sabana. Оригинальный плафон из стекла, изнутри обсыпан крошкой.;ковка;220;;;;;;;;;16;;;;;;;;20;;;;;;Ambar glass;Golden amber;;;;;;;;5601;0;Светильники НАСТЕННЫЕ ковка
467;LEDS C4;ИСПАНИЯ;GLASS;815312802;Влагозащищенное бра Glass;Бра Glass;Светильники НАСТЕННЫЕ;444-BL;1;шт;Бра;1;Е27;60;Бра Glass. Оригинальная овальная форма. Двойное матовое стекло.;современный;220;;;;;;;;;;;;23,5;;;;;11;;;;;;Opal glass;white;;;;;;;;2261;0;Светильники НАСТЕННЫЕ современный
468;LEDS C4;ИСПАНИЯ;GLASS;815312803;Влагозащищенное бра Glass;Бра Glass;Светильники НАСТЕННЫЕ;445-BL;1;шт;Бра;1;Е27;60;Бра Glass. Оригинальная овальная форма. Двойное матовое стекло.;современный;220;;;;;;;;;;;;46;;;;;13;;;;;;Opal glass;white;;;;;;;;2968;0;Светильники НАСТЕННЫЕ современный
442;LEDS C4;ИСПАНИЯ;ADAGIO;81507037401;Бра Adagio;Бра Adagio;Светильники НАСТЕННЫЕ;05-0221-S3-F1;1;шт;Бра;1;G9;75;Бра Adagio. Арматура из полированного алюминия, антибликовое стекло.;хай-тек;220;;;;;;;;;12,5;;;26,5;;;;;15,5;;;;;;Anti-glare glass;Polished & burnished aluminium;;;;;;;;6147;16;Светильники НАСТЕННЫЕ хай-тек
557;LEDS C4;ИСПАНИЯ;SUITE;815614107;Бра Suite;Бра Suite;Светильники НАСТЕННЫЕ;05-0381-81-AJ;1;шт;Бра;1;Е27;60;Бра Suite. Оснащена диммером.;модерн;220;;;;;;;;;;;;;;;;;48,5;;;;22,5;;;Satin nickel;;;;;;;;5683;0;Светильники НАСТЕННЫЕ модерн
558;LEDS C4;ИСПАНИЯ;SUITE;815614108;Бра настенное Suite;Бра Suite;Светильники НАСТЕННЫЕ;05-0382-81-AJ;1;шт;Бра;1;Е27;60;Бра Suite. Трансформер. Оснащена диммером.;модерн;220;;;;;;;;;;;;27;;;;;75;;;;22,5;;;Satin nickel;;;;;;;;;1;Светильники НАСТЕННЫЕ модерн
444;LEDS C4;ИСПАНИЯ;ADAGIO DE LUX;815614201;Бра Adagio de Lux;Бра Adagio de Lux;Светильники НАСТЕННЫЕ;05-0221-21-F1;1;шт;Бра;1;G9;75;Бра Adagio de Lux. Покрытие - высококачественная гальваника. Антибликовое стекло.;хай-тек;220;;;;;;;;;12,5;;;26,5;;;;;15,5;;;;;;Anti-glare glass;Chrome;;;;;;;;7560;13;Светильники НАСТЕННЫЕ хай-тек
1052;MIRADA DE CRISTAL;ИСПАНИЯ;FROST;57020/1/01;Бра Frost хрустальное;Бра Frost;Светильники НАСТЕННЫЕ;57020/1/01;1;шт;Бра;1;E14;40;Хрустальная бра Frost, арматура с гальваническим золочением (24К Gold) или хромированием. Хрусталь Asfour crystal.;хрусталь;220;;;;;;;;;;;;37;;;;;28;;;12;;;;Chrome;;;;;Asfour crystal;;;5645;35;Светильники НАСТЕННЫЕ хрусталь
1074;MIRADA DE CRISTAL;ИСПАНИЯ;FROST;57020/1/24;Бра Frost хрустальное;Бра Frost;Светильники НАСТЕННЫЕ;57020/1/24;1;шт;Бра;1;E14;40;Хрустальная бра Frost, арматура с гальваническим золочением (24К Gold) или хромированием. Хрусталь Asfour crystal.;хрусталь;220;;;;;;;;;;;;37;;;;;28;;;12;;;;Gold;;;;;Asfour crystal;;;6203;41;Светильники НАСТЕННЫЕ хрусталь
11662;BATHGLASS;ГЕРМАНИЯ;GLASS;G333-1E27/60;Влагозащищенное бра Glass;Бра Glass;Светильники НАСТЕННЫЕ;G333-1E27/60;1;шт;Бра;1;E27;60;Бра Glass.;современный;220;;;;;;;;;10;;;24;;;;;;;;;;;white;white;;;;;;;;1330;26;Светильники НАСТЕННЫЕ современный
1933;L'ARTE LUCE;ИТАЛИЯ;FLORA;L33021.81;Бра Flora;Бра Flora;Светильники НАСТЕННЫЕ;L33021.81;1;шт;Бра;1;E14;60;Бра Flora, однорожковое.;флористика;220;;;;;;;;;22;;;47,5;;;;;20;;;;;;;;;;;;;;;768;263;Светильники НАСТЕННЫЕ флористика
1950;L'ARTE LUCE;ИТАЛИЯ;CANDLE;L37321.84;Бра Candle настенное;Бра Candle;Светильники НАСТЕННЫЕ;L37321.84;1;шт;Бра;1;E27;60;Бра Candle, однорожковое.;модерн;220;;;;;;;;;17;;;38;;;;;21;;;;;;;;;;;;;;;745;317;Светильники НАСТЕННЫЕ модерн
1955;L'ARTE LUCE;ИТАЛИЯ;FLOWER;L38021.85;Бра Flower настенное;Бра Flower;Светильники НАСТЕННЫЕ;L38021.85;1;шт;Бра;1;E14;60;Бра Flower, однорожковое.;флористика;220;;;;;;;;;25;;;41,5;;;;;15;;;;;;;;;;;;;;;802;33;Светильники НАСТЕННЫЕ флористика
16260;MIRADA DE CRISTAL;ИСПАНИЯ;ESFERA;54820/1/01;Бра Esfera хрустальное;Бра Esfera;Светильники НАСТЕННЫЕ;54820/1/01;1;шт;Бра;1;E14;40;Бра Esfera. Хрусталь-Asfour Crystal.;хрусталь;;;;;;;;;;11;;;20;;;;;17;;;;;;;;;;;;Asfour crystal;;;6482;0;Светильники НАСТЕННЫЕ хрусталь
16291;L'ARTE LUCE;ИТАЛИЯ;LUCCA;L40721.98;Бра Lucca;Бра Lucca;Светильники НАСТЕННЫЕ;L40721.98;1;шт;Бра;1;G9;60;Бра Lucca.;хай-тек;;;;;;;;;;10;;;15;;;;;18;;;;;;;;;;;;;;;1330;52;Светильники НАСТЕННЫЕ хай-тек
16293;L'ARTE LUCE;ИТАЛИЯ;WENGE;L41321.98;Бра Wenge;Бра Wenge;Светильники НАСТЕННЫЕ;L41321.98;1;шт;Бра;1;G9;40;Бра Wenge.;современный;;;;;;;;;;10;;;15,5;;;;;17;;;;;;;;;;;;;;;1330;46;Светильники НАСТЕННЫЕ современный
16876;LEDS C4;ИСПАНИЯ;AUSTIN;8150709701;Бра Austin;Бра Austin;Светильники НАСТЕННЫЕ;05-4334-14-F9;1;шт;Бра;1;G9;40;Бра Austin.;хай-тек;220;;;;;;;;;14;;;14;;;;;7,6;;;;;;Matt opal glass;White;;;;;;;;2190;3;Светильники НАСТЕННЫЕ хай-тек
16877;LEDS C4;ИСПАНИЯ;BROOKLYN;8150711203;Бра Brooklyn;Бра Brooklyn;Светильники НАСТЕННЫЕ;05-2775-21-05;1;шт;Бра;1;E27;60;Бра Brooklyn.;современный;220;;;;;;;;;25;;;26;;;;;30;;;;;;;Chrome;;;;;;;;4875;8;Светильники НАСТЕННЫЕ современный
16882;LEDS C4;ИСПАНИЯ;BROOKLYN;8150711208;Бра Brooklyn;Бра Brooklyn;Светильники НАСТЕННЫЕ;05-2775-21-14;1;шт;Бра;1;E27;60;Бра Brooklyn.;современный;220;;;;;;;;;25;;;26;;;;;30;;;;;;;Chrome;;;;;;;;4875;13;Светильники НАСТЕННЫЕ современный
16885;LEDS C4;ИСПАНИЯ;CHICAGO;8150713201;Бра Chicago;Бра Chicago;Светильники НАСТЕННЫЕ;05-2798-Y2-20;1;шт;Бра;1;E27;60;Бра Chicago.;современный;220;;;;;;;;;20;;;40;;;;;23;;;;;;;Old brown;;;;;;;;7136;0;Светильники НАСТЕННЫЕ современный
16888;LEDS C4;ИСПАНИЯ;DEVON;8150715201;Бра Devon настенное;Бра Devon;Светильники НАСТЕННЫЕ;05-2825-21-14;1;шт;Бра;1;E27;60;Бра Devon.;модерн;220;;;;;;;;;26;;;42;;;;;38;;;;;;;Chrome;;;;;;;;5652;0;Светильники НАСТЕННЫЕ модерн
16905;LEDS C4;ИСПАНИЯ;TWIST;81507280102;Бра Twist настенное;Бра Twist;Светильники НАСТЕННЫЕ;05-2817-81-14;1;шт;Бра;1;E27;60;Бра Twist. Поворотная.;современный;220;;;;;;;;;23;;;29;;;;;min26 - max44;;;;;;;Satin nickel;;;;;;;;7843;0;Светильники НАСТЕННЫЕ современный
16899;LEDS C4;ИСПАНИЯ;VIRGINIA;8150730002;Бра Virginia;Бра Virginia;Светильники НАСТЕННЫЕ;05-4339-21-05;1;шт;Бра;1;E27;21;Бра Virginia.;современный;220;;;;;;;;;22;;;21,2;;;;;28,5;;;;;;;Chrome;;;;;;;;5723;0;Светильники НАСТЕННЫЕ современный
16900;LEDS C4;ИСПАНИЯ;ZAM;8150731101;Бра Zam;Бра Zam;Светильники НАСТЕННЫЕ;05-4345-14-N3;1;шт;Бра;1;E14;15;Бра Zam.;хай-тек;220;;;;;;;;;;;;14,5;;;;;14,5;;;;;;;White/grey;;;;;;;;1908;0;Светильники НАСТЕННЫЕ хай-тек
17010;L'ARTE LUCE;ИТАЛИЯ;CAPRI;L15021.37;Бра Capri кованое;Бра Capri;Светильники НАСТЕННЫЕ;L15021.37;1;шт;Бра;1;E14;60;Бра Capri однорожковое.;ковка;;;;;;;;;;18,5;;;53,8;;;;;25;;;;;;;OR with gold;;;;;;;;2660;0;Светильники НАСТЕННЫЕ ковка
17040;L'ARTE LUCE;ИТАЛИЯ;PISA;L55921.02;Бра Pisa настенное;Бра Pisa;Светильники НАСТЕННЫЕ;L55921.02;1;шт;Бра;1;E14;60;Бра Pisa, однорожковое.;классика;;;;;;;;;;13;;;34,2;;;;;16,4;;;;;;;Shiny white+gold foil;;;;;;;;2300;63;Светильники НАСТЕННЫЕ классика
19888;L'ARTE LUCE;ИТАЛИЯ;BELLE;L12421.08;Бра Belle;Бра Belle;Светильники НАСТЕННЫЕ;L12421.08;1;шт;Бра;1;E14;60;Бра Belle, однорожковое;классика;;;;;;;;;;17,1;;;52;;;;;24,4;;;;;;;Shiny antique gold foil+shiny antique silver foil;;;;;;;;2902;11;Светильники НАСТЕННЫЕ классика
19894;L'ARTE LUCE;ИТАЛИЯ;TOWER;L15121.25;Бра Tower настенное;Бра Tower;Светильники НАСТЕННЫЕ;L15121.25;1;шт;Бра;1;E14;60;Бра Tower, однорожковое.;модерн;;;;;;;;;;14;;;34,5;;;;;17;;;;;;;Shiny black+gold plating;;;;;;;;1451;1;Светильники НАСТЕННЫЕ модерн
19897;L'ARTE LUCE;ИТАЛИЯ;CUBISM;L17921.24;Бра Cubism настенное;Бра Cubism;Светильники НАСТЕННЫЕ;L17921.24;1;шт;Бра;1;E14;60;Бра Cubism, однорожковое.;современный;;;;;;;;;;15,5;;;33,3;;;;;17;;;;;;;White grain silver+antique zelkova;;;;;;;;1899;0;Светильники НАСТЕННЫЕ современный
22178;MIRADA DE CRISTAL;ИСПАНИЯ;ESFERA;54820/1/24;Бра Esfera хрустальное;Бра Esfera;Светильники НАСТЕННЫЕ;54820/1/24;1;шт;Бра;1;E14;40;Бра Esfera. Хрусталь-Asfour Crystal.;хрусталь;;;;;;;;;;11;;;20;;;;;17;;;;;;;24K Golden;;;;;Asfour crystal;;;7598;16;Светильники НАСТЕННЫЕ хрусталь
22169;L'ARTE LUCE;ИТАЛИЯ;RITZ;L35721.82;Бра Ritz настенное;Бра Ritz;Светильники НАСТЕННЫЕ;L35721.82;1;шт;Бра;1;E27;60;Бра Ritz, однорожковое.;модерн;220;;;;;;;;;50;;;33;;;;;32;;;;;;;;;;;;;;;1752;0;Светильники НАСТЕННЫЕ модерн
22162;L'ARTE LUCE;ИТАЛИЯ;LANCASTER;L33121.86;Настенное бра Lancaster;Бра Lancaster;Светильники НАСТЕННЫЕ;L33121.86;1;шт;Бра;1;E27;60;Бра Lancaster, однорожковое.;ар-деко;220;;;;;;;;;32;;;31;;;;;22;;;;;;;;;;;;;;;2167;189;Светильники НАСТЕННЫЕ ар-деко
24571;LEDS C4;ИСПАНИЯ;LUXE;8153149;Бра Luxe;Бра Luxe;Светильники НАСТЕННЫЕ;518-CN;1;шт;Бра;1;G9;60;Бра Luxe. C черной хромированной отделкой и белым стеклом.;современный;220;;;;;;;;;8;;;13,8;;;;;11;;;;;;White;Black Chrome;;;;;;;;;0;Светильники НАСТЕННЫЕ современный
26045;L'ARTE LUCE;ИТАЛИЯ;BONNARD;L12021.03;Бра Bonnard кованое;Бра Bonnard кованое;Светильники НАСТЕННЫЕ;L12021.03;1;шт;Бра;1;E14;60;Бра Bonnard, однорожковое.;ковка;;;;;;;;;;15;;;35;;;;;20;;;;;;;;;;;;;;;2282;41;Светильники НАСТЕННЫЕ ковка
26047;L'ARTE LUCE;ИТАЛИЯ;BONNARD;L12028.03;Бра Bonnard кованое;Бра Bonnard кованое;Светильники НАСТЕННЫЕ;L12028.03;1;шт;Бра;1;G9;40;Бра Bonnard, однорожковое.;ковка;;;;;;;;;;34;;;21;;;;;17;;;;;;;;;;;;;;;3391;43;Светильники НАСТЕННЫЕ ковка
26051;L'ARTE LUCE;ИТАЛИЯ;COURBET;L15621.03;Бра Courbet кованое;Бра Courbet кованое;Светильники НАСТЕННЫЕ;L15621.03;1;шт;Бра;1;E14;60;Бра Courbet, однорожковое.;ковка;;;;;;;;;;18;;;42;;;;;14;;;;;;;;;;;;;;;2297;38;Светильники НАСТЕННЫЕ ковка
26058;L'ARTE LUCE;ИТАЛИЯ;CHALET;L17821.03;Бра Chalet кованое;Бра Chalet кованое;Светильники НАСТЕННЫЕ;L17821.03;1;шт;Бра;1;E14;60;Люстра Chalet, однорожковое.;ковка;;;;;;;;;;30;;;31;;;;;15;;;;;;;;;;;;;;;3314;34;Светильники НАСТЕННЫЕ ковка
26464;L'ARTE LUCE;ИТАЛИЯ;PISA;L55921.09;Бра Pisa настенное;Бра Pisa;Светильники НАСТЕННЫЕ;L55921.09;1;шт;Бра;1;E14;60;Бра Pisa, однорожковое.;классика;;;;;;;;;;13;;;34,2;;;;;16,4;;;;;;;;;;;;;;;2300;33;Светильники НАСТЕННЫЕ классика
16340;BERLINER MESSINGLAMPEN;ГЕРМАНИЯ;БРА BML;8152150406;Бра настенное;Бра;Светильники НАСТЕННЫЕ;A70-22opB;1;шт;Бра;1;E27;40;Однорожковое бра Berliner Messinglampen. Плафоны из двойного стекла. Арматура из латуни.;ар-деко;220;;;;;;;;;;;;;;;;;31;;;;;;Opal glass;Berliner Messing;;;;;;;;7852;0;Светильники НАСТЕННЫЕ ар-деко
664;BERLINER MESSINGLAMPEN;ГЕРМАНИЯ;БРА BML;8152150707;Бра настенное;Бра;Светильники НАСТЕННЫЕ;A34-123opB;1;шт;Бра;1;Е27;40;Однорожковое бра Berliner Messinglampen с плафонами из двойного стекла, высочайшего немецкого качества.;ар-деко;220;;;;;;;;;;;;;;;;;21;;;;;;Opal glass;Berliner Messing;;;;;;;;5531;1;Светильники НАСТЕННЫЕ ар-деко
669;BERLINER MESSINGLAMPEN;ГЕРМАНИЯ;БРА BML;8152151201;Бра настенное;Бра;Светильники НАСТЕННЫЕ;A89-25opB;1;шт;Бра;1;Е27;40;Однорожковое бра Berliner Messinglampen с роликовым механизмом для подвеса. Плафон можно заменить на любой другой, подходящий к данной арматуре.;ар-деко;220;;;;;;;;;;;;;;;;;50-69;;;;;;Opal glass;Berliner Messing;;;;;;;;14109;0;Светильники НАСТЕННЫЕ ар-деко
667;BERLINER MESSINGLAMPEN;ГЕРМАНИЯ;БРА BML;8152151303;Бра настенное;Бра;Светильники НАСТЕННЫЕ;A8-17opB;1;шт;Бра;1;Е27;40;"Однорожковое бра Berliner Messinglampen стиля ""ар-нуво"" порадует вас простотой и изяществом. Арматура латунь.";ар-деко;220;;;;;;;;;;;;;;;;;25;;;;;;Opal glass;Berliner Messing;;;;;;;;4444;0;Светильники НАСТЕННЫЕ ар-деко
668;BERLINER MESSINGLAMPEN;ГЕРМАНИЯ;БРА BML;8152151321;Бра настенное;Бра;Светильники НАСТЕННЫЕ;A8-22opB;1;шт;Бра;1;Е27;40;Однорожковое бра Berliner Messinglampen. Плафоны из двойного стекла. Арматура из латуни.;ар-деко;220;;;;;;;;;;;;;;;;;27;;;;;;Opal glass;Berliner Messing;;;;;;;;5015;6;Светильники НАСТЕННЫЕ ар-деко
16354;BERLINER MESSINGLAMPEN;ГЕРМАНИЯ;БРА BML;8152152901;Бра настенное;Бра;Светильники НАСТЕННЫЕ;A96-123opB;1;шт;Бра;1;E27;40;Однорожковое бра Berliner Messinglampen. Плафоны из двойного стекла.;ар-деко;220;;;;;;;;;;;;61;;;;;;;;;;;Opal glass;Berliner Messing;;;;;;;;9232;0;Светильники НАСТЕННЫЕ ар-деко
16361;BERLINER MESSINGLAMPEN;ГЕРМАНИЯ;БРА BML;8152155901;Бра настенное;Бра;Светильники НАСТЕННЫЕ;AD531-22opB;1;шт;Бра;1;E27;40;Однорожковое бра Berliner Messinglampen. Арматура из латуни.;ар-деко;220;;;;;;;;;;;;;;;;;;;;;;;Opal glass;Berliner Messing;;;;;;;;6454;0;Светильники НАСТЕННЫЕ ар-деко
26823;BERLINER MESSINGLAMPEN;ГЕРМАНИЯ;БРА BML;a10-11opb;Бра настенное;Бра;Светильники НАСТЕННЫЕ;A10-11opB;1;шт;Бра;1;E27;40;Однорожковое бра.;ар-деко;;;;;;;;;;;;;;;;;;20;;;;;;;;;;;;;;;5447;0;Светильники НАСТЕННЫЕ ар-деко
26824;BERLINER MESSINGLAMPEN;ГЕРМАНИЯ;БРА BML;a15-123opb;Бра настенное;Бра;Светильники НАСТЕННЫЕ;A15-123opB;1;шт;Бра;1;E27;40;Однорожковое бра.;ар-деко;;;;;;;;;;;;;;;;;;30;;;;;;;;;;;;;;;7862;3;Светильники НАСТЕННЫЕ ар-деко
26826;BERLINER MESSINGLAMPEN;ГЕРМАНИЯ;БРА BML;a30-32gsa;Бра настенное;Бра;Светильники НАСТЕННЫЕ;A30-32gsA;1;шт;Бра;1;E27;40;Однорожковое бра.;ар-деко;;;;;;;;;;;;;;;;;;17;;;;;;;;;;;;;;;6208;0;Светильники НАСТЕННЫЕ ар-деко
26827;BERLINER MESSINGLAMPEN;ГЕРМАНИЯ;БРА BML;a31-38opb;Бра настенное;Бра;Светильники НАСТЕННЫЕ;A31-38opB;1;шт;Бра;1;E27;60;Однорожковое бра.;ар-деко;;;;;;;;;;;;;;;;;;48;;;;;;;;;;;;;;;11605;0;Светильники НАСТЕННЫЕ ар-деко
26828;BERLINER MESSINGLAMPEN;ГЕРМАНИЯ;БРА BML;a31-70opa;Бра настенное;Бра;Светильники НАСТЕННЫЕ;A31-70opA;1;шт;Бра;1;E27;60;Однорожковое бра.;ар-деко;;;;;;;;;;;;;;;;;;48;;;;;;;;;;;;;;;11655;0;Светильники НАСТЕННЫЕ ар-деко
26830;BERLINER MESSINGLAMPEN;ГЕРМАНИЯ;БРА BML;a34-115opb;Бра настенное;Бра;Светильники НАСТЕННЫЕ;A34-115opB;1;шт;Бра;1;E27;40;Однорожковое бра.;ар-деко;;;;;;;;;;;;;;;;;;22;;;;;;;;;;;;;;;5095;8;Светильники НАСТЕННЫЕ ар-деко
26831;BERLINER MESSINGLAMPEN;ГЕРМАНИЯ;БРА BML;a34-115opn;Бра настенное;Бра;Светильники НАСТЕННЫЕ;A34-115opN;1;шт;Бра;1;E27;40;Однорожковое бра.;ар-деко;;;;;;;;;;;;;;;;;;22;;;;;;;;;;;;;;;5695;3;Светильники НАСТЕННЫЕ ар-деко
26829;BERLINER MESSINGLAMPEN;ГЕРМАНИЯ;БРА BML;a34-115maa;Бра настенное;Бра;Светильники НАСТЕННЫЕ;A34-115maA;1;шт;Бра;1;E27;40;Однорожковое бра.;ар-деко;;;;;;;;;;;;;;;;;;22;;;;;;;;;;;;;;;5678;0;Светильники НАСТЕННЫЕ ар-деко
26832;BERLINER MESSINGLAMPEN;ГЕРМАНИЯ;БРА BML;a34-121opc;Бра настенное;Бра;Светильники НАСТЕННЫЕ;A34-121opC;1;шт;Бра;1;E27;40;Однорожковое бра.;ар-деко;;;;;;;;;;;;;;;;;;23;;;;;;;;;;;;;;;5960;2;Светильники НАСТЕННЫЕ ар-деко
26833;BERLINER MESSINGLAMPEN;ГЕРМАНИЯ;БРА BML;a43-73opc;Бра настенное;Бра;Светильники НАСТЕННЫЕ;A43-73opC;1;шт;Бра;1;G9;40;Однорожковое бра.;ар-деко;;;;;;;;;;;;;;;;;;14;;;;;;;;;;;;;;;5867;2;Светильники НАСТЕННЫЕ ар-деко
26835;BERLINER MESSINGLAMPEN;ГЕРМАНИЯ;БРА BML;a59-41opb;Бра настенное;Бра;Светильники НАСТЕННЫЕ;A59-41opB;1;шт;Бра;1;E27;40;Однорожковое бра.;ар-деко;;;;;;;;;;;;;;;;;;28;;;;;;;;;;;;;;;7153;10;Светильники НАСТЕННЫЕ ар-деко
26836;BERLINER MESSINGLAMPEN;ГЕРМАНИЯ;БРА BML;a64-22opb;Бра настенное;Бра;Светильники НАСТЕННЫЕ;A64-22opB;1;шт;Бра;1;E27;40;Однорожковое бра.;ар-деко;;;;;;;;;;;;;;;;;;49;;;;;;;;;;;;;;;8429;0;Светильники НАСТЕННЫЕ ар-деко
26837;BERLINER MESSINGLAMPEN;ГЕРМАНИЯ;БРА BML;a64-25opn;Бра настенное;Бра;Светильники НАСТЕННЫЕ;A64-25opN;1;шт;Бра;1;E27;40;Однорожковое бра.;ар-деко;;;;;;;;;;;;;;;;;;51;;;;;;;;;;;;;;;9710;0;Светильники НАСТЕННЫЕ ар-деко
26838;BERLINER MESSINGLAMPEN;ГЕРМАНИЯ;БРА BML;a7-11maa;Бра настенное;Бра;Светильники НАСТЕННЫЕ;A7-11maA;1;шт;Бра;1;E27;40;Однорожковое бра.;ар-деко;;;;;;;;;;;;;;;;;;23;;;;;;;;;;;;;;;5426;0;Светильники НАСТЕННЫЕ ар-деко
26839;BERLINER MESSINGLAMPEN;ГЕРМАНИЯ;БРА BML;a7-17opn;Бра настенное;Бра;Светильники НАСТЕННЫЕ;A7-17opN;1;шт;Бра;1;E27;40;Однорожковое бра.;ар-деко;;;;;;;;;;;;;;;;;;25;;;;;;;;;;;;;;;4607;5;Светильники НАСТЕННЫЕ ар-деко
26840;BERLINER MESSINGLAMPEN;ГЕРМАНИЯ;БРА BML;a76-115opb;Бра настенное;Бра;Светильники НАСТЕННЫЕ;A76-115opB;1;шт;Бра;1;E27;40;Однорожковое бра.;ар-деко;;;;;;;;;;;;;;;;;;24;;;;;;;;;;;;;;;5968;2;Светильники НАСТЕННЫЕ ар-деко
26841;BERLINER MESSINGLAMPEN;ГЕРМАНИЯ;БРА BML;a76-121opn;Бра настенное;Бра;Светильники НАСТЕННЫЕ;A76-121opN;1;шт;Бра;1;E27;40;Однорожковое бра.;ар-деко;;;;;;;;;;;;;;;;;;25;;;;;;;;;;;;;;;7090;5;Светильники НАСТЕННЫЕ ар-деко
26842;BERLINER MESSINGLAMPEN;ГЕРМАНИЯ;БРА BML;a8-01opp;Бра настенное;Бра;Светильники НАСТЕННЫЕ;A8-01opP;1;шт;Бра;1;E27;40;Однорожковое бра.;ар-деко;;;;;;;;;;;;;;;;;;22;;;;;;;;;;;;;;;4431;3;Светильники НАСТЕННЫЕ ар-деко
26843;BERLINER MESSINGLAMPEN;ГЕРМАНИЯ;БРА BML;a8-09aea;Бра настенное;Бра;Светильники НАСТЕННЫЕ;A8-09aeA;1;шт;Бра;1;E27;40;Однорожковое бра.;ар-деко;;;;;;;;;;;;;;;;;;24;;;;;;;;;;;;;;;4297;2;Светильники НАСТЕННЫЕ ар-деко
26844;BERLINER MESSINGLAMPEN;ГЕРМАНИЯ;БРА BML;a8-17grb;Бра настенное;Бра;Светильники НАСТЕННЫЕ;A8-17grB;1;шт;Бра;1;E27;40;Однорожковое бра.;ар-деко;;;;;;;;;;;;;;;;;;25;;;;;;;;;;;;;;;5229;0;Светильники НАСТЕННЫЕ ар-деко
26845;BERLINER MESSINGLAMPEN;ГЕРМАНИЯ;БРА BML;a8-17opc;Бра настенное;Бра;Светильники НАСТЕННЫЕ;A8-17opC;1;шт;Бра;1;E27;40;Однорожковое бра.;ар-деко;;;;;;;;;;;;;;;;;;25;;;;;;;;;;;;;;;4675;0;Светильники НАСТЕННЫЕ ар-деко
26846;BERLINER MESSINGLAMPEN;ГЕРМАНИЯ;БРА BML;a82-22opb;Бра настенное;Бра;Светильники НАСТЕННЫЕ;A82-22opB;1;шт;Бра;1;E27;40;Однорожковое бра.;ар-деко;;;;;;;;;;;;;;;;;;31;;;;;;;;;;;;;;;7472;0;Светильники НАСТЕННЫЕ ар-деко
26847;BERLINER MESSINGLAMPEN;ГЕРМАНИЯ;БРА BML;a84-123opb;Бра настенное;Бра;Светильники НАСТЕННЫЕ;A84-123opB;1;шт;Бра;1;E27;40;Однорожковое бра.;ар-деко;;;;;;;;;;;;;;;;;;27;;;;;;;;;;;;;;;7640;2;Светильники НАСТЕННЫЕ ар-деко
26848;BERLINER MESSINGLAMPEN;ГЕРМАНИЯ;БРА BML;a85-01opa;Бра настенное;Бра;Светильники НАСТЕННЫЕ;A85-01opA;1;шт;Бра;1;E27;40;Однорожковое бра.;ар-деко;;;;;;;;;;;;;;;;;;15;;;;;;;;;;;;;;;4771;7;Светильники НАСТЕННЫЕ ар-деко
26849;BERLINER MESSINGLAMPEN;ГЕРМАНИЯ;БРА BML;a89-25opb;Бра настенное;Бра;Светильники НАСТЕННЫЕ;A89-25opB;1;шт;Бра;1;E27;40;Однорожковое бра.;ар-деко;;;;;;;;;;;;;;;;;;50-69;;;;;;;;;;;;;;;14889;0;Светильники НАСТЕННЫЕ ар-деко
26850;BERLINER MESSINGLAMPEN;ГЕРМАНИЯ;БРА BML;a9-01opb;Бра настенное;Бра;Светильники НАСТЕННЫЕ;A9-01opB;1;шт;Бра;1;E27;40;Однорожковое бра.;ар-деко;;;;;;;;;;;;;;;;;;19;;;;;;;;;;;;;;;4880;1;Светильники НАСТЕННЫЕ ар-деко
26851;BERLINER MESSINGLAMPEN;ГЕРМАНИЯ;БРА BML;a91-143opb;Бра настенное;Бра;Светильники НАСТЕННЫЕ;A91-143opB;1;шт;Бра;1;E27;40;Однорожковое бра.;ар-деко;;;;;;;;;;;;;;;;;;14;;;;;;;;;;;;;;;5326;0;Светильники НАСТЕННЫЕ ар-деко
26852;BERLINER MESSINGLAMPEN;ГЕРМАНИЯ;БРА BML;a91-143opn;Бра настенное;Бра;Светильники НАСТЕННЫЕ;A91-143opN;1;шт;Бра;1;E27;40;Однорожковое бра.;ар-деко;;;;;;;;;;;;;;;;;;14;;;;;;;;;;;;;;;5796;0;Светильники НАСТЕННЫЕ ар-деко
26853;BERLINER MESSINGLAMPEN;ГЕРМАНИЯ;БРА BML;a93-120opb;Бра настенное;Бра;Светильники НАСТЕННЫЕ;A93-120opB;1;шт;Бра;1;E27;60;Однорожковое бра.;ар-деко;;;;;;;;;;;;;;;;;;37;;;;;;;;;;;;;;;10076;0;Светильники НАСТЕННЫЕ ар-деко
26854;BERLINER MESSINGLAMPEN;ГЕРМАНИЯ;БРА BML;a95-175opb;Бра настенное;Бра;Светильники НАСТЕННЫЕ;A95-175opB;1;шт;Бра;1;E27;75;Однорожковое бра.;ар-деко;;;;;;;;;;;;;62;;;;;;;;;;;;;;;;;;;;10382;0;Светильники НАСТЕННЫЕ ар-деко
26855;BERLINER MESSINGLAMPEN;ГЕРМАНИЯ;БРА BML;ad141-113gsb;Бра настенное;Бра;Светильники НАСТЕННЫЕ;AD141-113gsB;1;шт;Бра;1;E27;40;Однорожковое бра.;ар-деко;;;;;;;;;;;;;;;;;;30;;;;;;;;;;;;;;;7820;3;Светильники НАСТЕННЫЕ ар-деко
26857;BERLINER MESSINGLAMPEN;ГЕРМАНИЯ;БРА BML;ad151-123opb;Бра настенное;Бра;Светильники НАСТЕННЫЕ;AD151-123opB;1;шт;Бра;1;E27;40;Однорожковое бра.;ар-деко;;;;;;;;;;;;;;;;;;27;;;;;;;;;;;;;;;7409;0;Светильники НАСТЕННЫЕ ар-деко
26859;BERLINER MESSINGLAMPEN;ГЕРМАНИЯ;БРА BML;ad287-123ebb;Бра настенное;Бра;Светильники НАСТЕННЫЕ;AD287-123ebB;1;шт;Бра;1;E27;40;Однорожковое бра.;ар-деко;;;;;;;;;;;;;86;;;;;37;;;;;;;;;;;;;;;14809;0;Светильники НАСТЕННЫЕ ар-деко
803;L'ARTE LUCE;ИТАЛИЯ;NAPOLI;L13822.03;Бра Napoli кованое;Бра Napoli;Светильники НАСТЕННЫЕ;L13822.03;1;шт;Бра;2;E14;60;Двухрожковое бра Napoli. Плафоны выполнены из стекла в виде оплывающей свечи.;ковка;220;;;;;;;;;30,5;;;28;;;;;14;;;;;;;;;;;;;;;3323;12;Светильники НАСТЕННЫЕ ковка
830;L'ARTE LUCE;ИТАЛИЯ;VARESE;L14022.01;Бра Varese кованое;Бра Varese;Светильники НАСТЕННЫЕ;L14022.01;1;шт;Бра;2;Е27;40;Бра Varese. Можно использовать как потолочный светильник. Литая арматура с декором в виде виноградной лозы.;ковка;220;;;;;;;;;10;;;36;;;;;15;;;;;;;;;;;;;;;5599;21;Светильники НАСТЕННЫЕ ковка
888;L'ARTE LUCE;ИТАЛИЯ;RIMINI;L17122.03;Бра Rimini кованое;Бра Rimini;Светильники НАСТЕННЫЕ;L17122.03;1;шт;Бра;2;E14;60;Двухрожковое бра Rimini. Плафоны выполнены из стекла в виде оплывающей свечи.;ковка;220;;;;;;;;;;;;34;;;;;34,5;;;;;;;;;;;;;;;1717;30;Светильники НАСТЕННЫЕ ковка
889;L'ARTE LUCE;ИТАЛИЯ;RIMINI;L17127.03;Бра Rimini кованое;Бра Rimini;Светильники НАСТЕННЫЕ;L17127.03;1;шт;Бра;2;E14;60;Двухрожковое бра Rimini. Плафоны выполнены из стекла в виде оплывающей свечи.;ковка;220;;;;;;;;;;;;20;;;;;28;;;;;;;;;;;;;;;1497;17;Светильники НАСТЕННЫЕ ковка
1261;L'ARTE LUCE;ИТАЛИЯ;APRILLA;L19522.40;Бра Aprilla настенное;Бра Aprilla;Светильники НАСТЕННЫЕ;L19522.40;1;шт;Бра;2;E14;60;Бра Aprilla, двухрожковое.;флористика;;;;;;;;;;19;;;22;;;;;9;;;;;;;Wooden veins white+Gold wooden;;;;;;;;2647;24;Светильники НАСТЕННЫЕ флористика
1265;L'ARTE LUCE;ИТАЛИЯ;BENEVENTO;L15822.35;Бра Benevento;Бра Benevento;Светильники НАСТЕННЫЕ;L15822.35;1;шт;Бра;2;E14;60;Бра Benevento, двухрожковое, right.;флористика;;;;;;;;;;25;;;38;;;;;14;;;;;;;Wooden veins white+Gold wooden;;;;;;;;1900;30;Светильники НАСТЕННЫЕ флористика
1266;L'ARTE LUCE;ИТАЛИЯ;BENEVENTO;L15827.35;Бра Benevento;Бра Benevento;Светильники НАСТЕННЫЕ;L15827.35;1;шт;Бра;2;E14;60;Бра Benevento, двухрожковое, left.;флористика;;;;;;;;;;25;;;38;;;;;14;;;;;;;Wooden veins white+Gold wooden;;;;;;;;1900;30;Светильники НАСТЕННЫЕ флористика
1273;L'ARTE LUCE;ИТАЛИЯ;BOZEN;L12327.36;Бра Bozen кованое;Бра Bozen;Светильники НАСТЕННЫЕ;L12327.36;1;шт;Бра;2;E14;60;Бра Bozen, двухрожковое.;ковка;;;;;;;;;;36;;;41;;;;;14;;;;;;Amber graduation glass;FRIC;;;;;;;;5124;27;Светильники НАСТЕННЫЕ ковка
1292;L'ARTE LUCE;ИТАЛИЯ;BOZEN;L12322.36;Бра Bozen кованое;Бра Bozen;Светильники НАСТЕННЫЕ;L12322.36;1;шт;Бра;2;E14;60;Бра Bozen, двухрожковое.;ковка;;;;;;;;;;36;;;31;;;;;13;;;;;;Amber graduation glass;FRIC;;;;;;;;3739;59;Светильники НАСТЕННЫЕ ковка
1301;L'ARTE LUCE;ИТАЛИЯ;CAPRI;L15022.37;Бра Capri кованое;Бра Capri;Светильники НАСТЕННЫЕ;L15022.37;1;шт;Бра;2;E14;60;Бра Capri, двухрожковое.;ковка;;;;;;;;;;48;;;52;;;;;20;;;;;;;OR with gold;;;;;;;;4284;22;Светильники НАСТЕННЫЕ ковка
1304;L'ARTE LUCE;ИТАЛИЯ;MALPENSA;L77722.42;Бра Malpensa настенное;Бра Malpensa;Светильники НАСТЕННЫЕ;L77722.42;1;шт;Бра;2;E27;60;Бра Malpensa, двухрожковое.;классика;;;;;;;;;;41;;;54;;;;;18;;;;;;DGN;Amber sunset glass;;;;;;;;6231;1;Светильники НАСТЕННЫЕ классика
824;JOALPA;ИСПАНИЯ;POPA;8152404301;Бра Popa кованое;Бра Popa;Светильники НАСТЕННЫЕ;A-2078/2 С-25-10;1;шт;Бра;2;E14;40;Двухрожковое  бра Popa. Выполнена под старину. Плафоны из стекла с элементами фигурной резьбы. Хрустальные подвески. Вставки из патинированного золота.;ковка;220;;;;;;;;;27;;;36;;;;;22;;;;;;Transparent;Marron oxido/Oro viejo;;;;;;;;5901;2;Светильники НАСТЕННЫЕ ковка
511;LEDS C4;ИСПАНИЯ;CARLA;8150713105;Бра Carla Тиффани;Бра Carla;Светильники НАСТЕННЫЕ;05-2375-Y2-AE;1;шт;Бра;2;G9;60;Двухрожковое бра Carla. Широко представленная серия  в стиле тиффани.;тиффани;220;;;;;;;;;8;;;;;;;;14;;;;;;Tiffany glass;Old brown;;;;;;;;5376;17;Светильники НАСТЕННЫЕ тиффани
550;LEDS C4;ИСПАНИЯ;XENIA;8150703561;Бра Xenia настенное;Бра Xenia;Светильники НАСТЕННЫЕ;05-0576-Y2-E7;1;шт;Бра;2;E14;60;Двухрожковое бра Xenia. Популярная серия. Плафоны оригинальной кубической формы, из стекла, обсыпанного изнутри крошкой. Арматура под венге с кожанными вставками.;модерн;220;;;;;;;;;28;;;22,5;;;;;11,5;;;;;;Ambar glass;Old brown;;;;;;;;5246;48;Светильники НАСТЕННЫЕ модерн
553;LEDS C4;ИСПАНИЯ;XENIA;8150731002;Бра Xenia настенное;Бра Xenia;Светильники НАСТЕННЫЕ;05-0578-Y2-E7;1;шт;Бра;2;G9;60;Двухрожковое бра Xenia. Популярная серия. Плафоны оригинальной кубической формы, из стекла, обсыпанного изнутри крошкой. Арматура под венге с кожанными вставками.;модерн;220;;;;;;;;;27;;;14,5;;;;;11,5;;;;;;Ambar glass;Old brown;;;;;;;;5511;44;Светильники НАСТЕННЫЕ модерн
606;LEDS C4;ИСПАНИЯ;SABANA;81507033101;Бра Sabana кованое;Бра Sabana;Светильники НАСТЕННЫЕ;05-2318-S4-E7;1;шт;Бра;2;E14;60;Двухрожковое бра Sabana. Оригинальные плафоны из стекла, изнутри обсыпаны крошкой.;ковка;220;;;;;;;;;16;;;;;;;;20;;;;;;Ambar glass;Golden amber;;;;;;;;9715;0;Светильники НАСТЕННЫЕ ковка
964;MIRADA DE CRISTAL;ИСПАНИЯ;BENIDORM;50120/2/46;Бра Benidorm хрустальное;Бра Benidorm;Светильники НАСТЕННЫЕ;50120/2/46;1;шт;Бра;2;E14;40;Хрустальная бра Benidorm, арматура с гальваническим покрытием, цвет античная бронза. Хрусталь Asfour crystal.;хрусталь;220;;;;;;;;;;;;70;;;;;25;;;40;;;;Ancient bronze;;;;;Asfour crystal;;;8640;71;Светильники НАСТЕННЫЕ хрусталь
1029;MIRADA DE CRISTAL;ИСПАНИЯ;TENERIFE;54120/2/99;Бра Tenerife хрустальное;Бра Tenerife;Светильники НАСТЕННЫЕ;54120/2/99;1;шт;Бра;2;E14;40;Хрустальная бра Tenerife, арматура с гальваническим покрытием, цвет чёрный никель. Хрусталь Asfour crystal.;хрусталь;220;;;;;;;;;;;;28;;;;;16;;;36;;;;Black Chrome;;;;;Asfour crystal;;;3571;4;Светильники НАСТЕННЫЕ хрусталь
1038;MIRADA DE CRISTAL;ИСПАНИЯ;ALICANTE;55020/2/01;Бра Alicante хрустальное;Бра Alicante;Светильники НАСТЕННЫЕ;55020/2/01;1;шт;Бра;2;E14;40;Хрустальная двойная бра Alicante, арматура с гальваническим золочением (24К Gold) или хромированием. Хрусталь Asfour crystal.;хрусталь;220;;;;;;;;;;;;32;;;;;13.май;;;31;;;;Chrome;;;;;Asfour crystal;;;3785;0;Светильники НАСТЕННЫЕ хрусталь
1039;MIRADA DE CRISTAL;ИСПАНИЯ;ALICANTE;55020/2/24;Бра Alicante хрустальное;Бра Alicante;Светильники НАСТЕННЫЕ;55020/2/24;1;шт;Бра;2;E14;40;Хрустальная двойная бра Alicante, арматура с гальваническим золочением (24К Gold) или хромированием. Хрусталь Asfour crystal.;хрусталь;220;;;;;;;;;;;;32;;;;;13.май;;;31;;;;Gold;;;;;Asfour crystal;;;4343;21;Светильники НАСТЕННЫЕ хрусталь
1076;MIRADA DE CRISTAL;ИСПАНИЯ;FROST;57020/2/01;Бра Frost хрустальное;Бра Frost;Светильники НАСТЕННЫЕ;57020/2/01;1;шт;Бра;2;E14;40;Хрустальная бра Frost, арматура с гальваническим золочением (24К Gold) или хромированием. Хрусталь Asfour crystal.;хрусталь;220;;;;;;;;;;;;37;;;;;24;;;36;;;;Chrome;;;;;Asfour crystal;;;9133;21;Светильники НАСТЕННЫЕ хрусталь
1077;MIRADA DE CRISTAL;ИСПАНИЯ;FROST;57020/2/24;Бра Frost хрустальное;Бра Frost;Светильники НАСТЕННЫЕ;57020/2/24;1;шт;Бра;2;E14;40;Хрустальная бра Frost, арматура с гальваническим золочением (24К Gold) или хромированием. Хрусталь Asfour crystal.;хрусталь;220;;;;;;;;;;;;37;;;;;24;;;36;;;;Gold;;;;;Asfour crystal;;;9877;2;Светильники НАСТЕННЫЕ хрусталь
1928;L'ARTE LUCE;ИТАЛИЯ;LATO;L30522.80;Бра Lato настенное;Бра Lato;Светильники НАСТЕННЫЕ;L30522.80;1;шт;Бра;2;G9;60;Бра Lato, двухрожковое.;флористика;220;;;;;;;;;35;;;43;;;;;14;;;;;;;;;;;;;;;868;221;Светильники НАСТЕННЫЕ флористика
1934;L'ARTE LUCE;ИТАЛИЯ;FLORA;L33022.81;Бра Flora настенное;Бра Flora;Светильники НАСТЕННЫЕ;L33022.81;1;шт;Бра;2;E14;60;Бра Flora, двухрожковое.;флористика;220;;;;;;;;;38;;;44;;;;;22;;;;;;;;;;;;;;;1224;161;Светильники НАСТЕННЫЕ флористика
16873;LEDS C4;ИСПАНИЯ;ALSACIA;8150709502;Бра Alsacia;Бра Alsacia;Светильники НАСТЕННЫЕ;05-4341-Z6-20;1;шт;Бра;2;E27;23;Бра Alsacia.;модерн;220;;;;;;;;;21,7;;;30;;;;;13,4;;;;;;;Rusty brown;;;;;;;;6006;1;Светильники НАСТЕННЫЕ модерн
16892;LEDS C4;ИСПАНИЯ;GEORGIA;8150718202;Бра Georgia настенное;Бра Georgia;Светильники НАСТЕННЫЕ;05-4340-21-20;1;шт;Бра;2;E27;23;Бра Georgia.;модерн;220;;;;;;;;;24,8;;;29;;;;;12,5;;;;;;;Chrome;;;;;;;;3957;0;Светильники НАСТЕННЫЕ модерн
16897;LEDS C4;ИСПАНИЯ;SAN-FRANCISCO;8150727103;Бра San Francisco;Бра San Francisco;Светильники НАСТЕННЫЕ;05-2786-21-J6;1;шт;Бра;2;E27;60;Бра San Francisco.;модерн;220;;;;;;;;;42,7;;;16;;;;;18,2;;;;;;;Chrome;;;;;;;;7843;1;Светильники НАСТЕННЫЕ модерн
16901;LEDS C4;ИСПАНИЯ;ZAM;8150731102;Бра Zam;Бра Zam;Светильники НАСТЕННЫЕ;05-4346-14-N3;1;шт;Бра;2;E14;15;Бра Zam.;хай-тек;220;;;;;;;;;36;;;14,5;;;;;14,5;;;;;;;White/grey;;;;;;;;4098;2;Светильники НАСТЕННЫЕ хай-тек
17051;L'ARTE LUCE;ИТАЛИЯ;FIRENZE;L50722.06;Бра Firenze настенное;Бра Firenze;Светильники НАСТЕННЫЕ;L50722.06;1;шт;Бра;2;E14;60;Бра Firenze, двухрожковое.;флористика;;;;;;;;;;42;;;44,3;;;;;17,5;;;;;;;;;;;;;;;3822;69;Светильники НАСТЕННЫЕ флористика
17044;L'ARTE LUCE;ИТАЛИЯ;PADOVA;L51322.06;Бра Padova настенное;Бра Padova;Светильники НАСТЕННЫЕ;L51322.06;1;шт;Бра;2;E14;60;Бра Padova, двухрожковое.;флористика;;;;;;;;;;31;;;47;;;;;19;;;;;;;;;;;;;;;5406;59;Светильники НАСТЕННЫЕ флористика
17048;L'ARTE LUCE;ИТАЛИЯ;TORINO;L57722.08;Бра Torino;Бра Torino;Светильники НАСТЕННЫЕ;L57722.08;1;шт;Бра;2;E14;60;Бра Torino, двухрожковое.;модерн;;;;;;;;;;28;;;22,8;;;;;14;;;;;;;Shiny gold foil;;;;;;;;3652;0;Светильники НАСТЕННЫЕ модерн
19890;L'ARTE LUCE;ИТАЛИЯ;BELLE;L12422.08;Бра Belle настенное;Бра Belle;Светильники НАСТЕННЫЕ;L12422.08;1;шт;Бра;2;E14;60;Бра Belle, 2-х рожковое;классика;;;;;;;;;;60,3;;;54;;;;;19,4;;;;;;;Shiny antique gold foil+shiny antique silver foil;;;;;;;;4845;2;Светильники НАСТЕННЫЕ классика
19895;L'ARTE LUCE;ИТАЛИЯ;TOWER;L15122.25;Бра Tower настенное;Бра Tower;Светильники НАСТЕННЫЕ;L15122.25;1;шт;Бра;2;E14;60;Бра Tower, 2-х рожковое.;модерн;;;;;;;;;;35,5;;;34,5;;;;;17;;;;;;;Shiny black+gold plating;;;;;;;;2793;0;Светильники НАСТЕННЫЕ модерн
19898;L'ARTE LUCE;ИТАЛИЯ;CUBISM;L17922.24;Бра Cubism;Бра Cubism;Светильники НАСТЕННЫЕ;L17922.24;1;шт;Бра;2;E14;60;Бра Cubism, 2-х рожковое.;современный;;;;;;;;;;15,5;;;33,3;;;;;17;;;;;;;White grain silver+antique zelkova;;;;;;;;3480;1;Светильники НАСТЕННЫЕ современный
19902;L'ARTE LUCE;ИТАЛИЯ;CUPOLA;L16122.16;Бра Cupola настенное;Бра Cupola;Светильники НАСТЕННЫЕ;L16122.16;1;шт;Бра;2;E14;60;Бра Cupola, 2-х рожковое.;модерн;;;;;;;;;;41,8;;;63,5;;;;;17,5;;;;;;;Shiny umber+shiny red copper foil;;;;;;;;4380;19;Светильники НАСТЕННЫЕ модерн
19939;L'ARTE LUCE;ИТАЛИЯ;PISA;L55922.02;Бра Pisa двухрожковое;Бра Pisa;Светильники НАСТЕННЫЕ;L55922.02;1;шт;Бра;2;E14;60;Бра Pisa, двухрожковое.;классика;;;;;;;;;;47;;;56,9;;;;;27,7;;;;;;;Shiny white+gold foil;;;;;;;;7062;0;Светильники НАСТЕННЫЕ классика
19944;L'ARTE LUCE;ИТАЛИЯ;TORINO;L57722.88;Бра Torino;Бра Torino;Светильники НАСТЕННЫЕ;L57722.88;1;шт;Бра;2;E14;60;Бра Torino, двухрожковое.;модерн;;;;;;;;;;28;;;22,8;;;;;14;;;;;;;Dark brown;;;;;;;;3652;14;Светильники НАСТЕННЫЕ модерн
22165;L'ARTE LUCE;ИТАЛИЯ;CUPRUM;L35222.87;Бра Cuprum детское;Бра Cuprum;Светильники НАСТЕННЫЕ;L35222.87;1;шт;Бра;2;E14;60;Бра Cuprum, 2-х рожковое.;детская;220;;;;;;;;;12;;;36;;;;;9;;;;;;;;;;;;;;;2120;90;Светильники НАСТЕННЫЕ детская
22166;L'ARTE LUCE;ИТАЛИЯ;CUPRUM;L35227.87;Бра Cuprum детское;Бра Cuprum;Светильники НАСТЕННЫЕ;L35227.87;1;шт;Бра;2;E14;60;Бра Cuprum, 2-х рожковое.;детская;220;;;;;;;;;13;;;35;;;;;10;;;;;;;;;;;;;;;2027;136;Светильники НАСТЕННЫЕ детская
22167;L'ARTE LUCE;ИТАЛИЯ;CUPRUM;L35229.87;Бра Cuprum детское;Бра Cuprum;Светильники НАСТЕННЫЕ;L35229.87;1;шт;Бра;2;E14;60;Бра Cuprum, 2-х рожковое.;детская;220;;;;;;;;;20;;;88;;;;;13;;;;;;;;;;;;;;;3246;151;Светильники НАСТЕННЫЕ детская
26046;L'ARTE LUCE;ИТАЛИЯ;BONNARD;L12022.03;Бра Bonnard кованое;Бра Bonnard кованое;Светильники НАСТЕННЫЕ;L12022.03;1;шт;Бра;2;E14;60;Бра Bonnard, 2-х рожковое.;ковка;;;;;;;;;;38;;;40;;;;;22;;;;;;;;;;;;;;;4216;41;Светильники НАСТЕННЫЕ ковка
26052;L'ARTE LUCE;ИТАЛИЯ;COURBET;L15622.03;Бра Courbet кованое;Бра Courbet кованое;СВЕТИЛЬНИКИ БЫТОВЫЕ;L15622.03;1;шт;Бра;2;E14;60;Бра Courbet, 2-х рожковое.;ковка;;;;;;;;;;18;;;36;;;;;18;;;;;;;;;;;;;;;4101;41;СВЕТИЛЬНИКИ БЫТОВЫЕ ковка
26059;L'ARTE LUCE;ИТАЛИЯ;CHALET;L17822.03;Бра Chalet кованое;Бра Chalet кованое;Светильники НАСТЕННЫЕ;L17822.03;1;шт;Бра;2;E14;60;Люстра Chalet, 2-х рожковое.;ковка;;;;;;;;;;33;;;35;;;;;18;;;;;;;;;;;;;;;3491;39;Светильники НАСТЕННЫЕ ковка
2006;BERLINER MESSINGLAMPEN;ГЕРМАНИЯ;БРА BML;8152151804;Бра настенное;Бра;Светильники НАСТЕННЫЕ;AD71-22opB;1;шт;Бра;2;E27;40;Двухрожковое бра Berliner Messinglampen. Плафоны из двойного стекла. Арматура из латуни.;ар-деко;220;;;;;;;;;;;;;;;;;;;;;;;Opal glass;Berliner Messing;;;;;;;;27572;0;Светильники НАСТЕННЫЕ ар-деко
26825;BERLINER MESSINGLAMPEN;ГЕРМАНИЯ;БРА BML;a20-11opb;Бра настенное;Бра;Светильники НАСТЕННЫЕ;A20-11opB;1;шт;Бра;2;E27;40;Двухрожковое бра.;ар-деко;;;;;;;;;;;;;;;;;;18;;;;;;;;;;;;;;;8102;1;Светильники НАСТЕННЫЕ ар-деко
26834;BERLINER MESSINGLAMPEN;ГЕРМАНИЯ;БРА BML;a56-123opb;Бра настенное;Бра;Светильники НАСТЕННЫЕ;A56-123opB;1;шт;Бра;2;E27;40;Двухрожковое бра.;ар-деко;;;;;;;;;;;;;;;;;;25;;;;;;;;;;;;;;;13112;11;Светильники НАСТЕННЫЕ ар-деко
26856;BERLINER MESSINGLAMPEN;ГЕРМАНИЯ;БРА BML;ad142-113gsb;Бра настенное;Бра;Светильники НАСТЕННЫЕ;AD142-113gsB;1;шт;Бра;2;E27;40;Двухрожковое бра.;ар-деко;;;;;;;;;;;;;;;;;;25;;;;;;;;;;;;;;;14792;2;Светильники НАСТЕННЫЕ ар-деко
26858;BERLINER MESSINGLAMPEN;ГЕРМАНИЯ;БРА BML;ad152-123opb;Бра настенное;Бра;Светильники НАСТЕННЫЕ;AD152-123opB;1;шт;Бра;2;E27;40;Двухрожковое бра.;ар-деко;;;;;;;;;;;;;;;;;;23;;;;;;;;;;;;;;;13427;0;Светильники НАСТЕННЫЕ ар-деко
26860;BERLINER MESSINGLAMPEN;ГЕРМАНИЯ;БРА BML;ad288-123opb;Бра настенное;Бра;Светильники НАСТЕННЫЕ;AD288-123opB;1;шт;Бра;2;E27;40;Двухрожковое бра.;ар-деко;;;;;;;;;;44;;;86;;;;;33;;;;;;;;;;;;;;;29467;0;Светильники НАСТЕННЫЕ ар-деко
26861;BERLINER MESSINGLAMPEN;ГЕРМАНИЯ;БРА BML;ad532-22opb;Бра настенное;Бра;Светильники НАСТЕННЫЕ;AD532-22opB;1;шт;Бра;2;E27;60;Двухрожковое бра.;ар-деко;;;;;;;;;;;;;;;;;;32;;;;;;;;;;;;;;;12537;0;Светильники НАСТЕННЫЕ ар-деко
